Country,WHOREGION,FLUREGION,Year,Week,SDATE,EDATE,SPEC_RECEIVED_NB,SPEC_PROCESSED_NB,AH1,AH1N12009,AH3,AH5,ANOTSUBTYPED,INF_A,BYAMAGATA,BVICTORIA,BNOTDETERMINED,INF_B,ALL_INF,ALL_INF2,TITLE
China,Western Pacific Region of WHO,Eastern Asia,2009,1,12/29/2008,1/4/2009,,1175,175,,13,,0,188,6,36,2,44,232,,Sporadic
China,Western Pacific Region of WHO,Eastern Asia,2009,2,1/5/2009,1/11/2009,,1305,215,,31,,1,247,8,53,0,61,308,,Sporadic
China,Western Pacific Region of WHO,Eastern Asia,2009,3,1/12/2009,1/18/2009,,1231,271,,35,,4,310,10,27,1,38,348,,Sporadic
China,Western Pacific Region of WHO,Eastern Asia,2009,4,1/19/2009,1/25/2009,,1063,224,,36,,2,262,5,23,1,29,291,,Sporadic
China,Western Pacific Region of WHO,Eastern Asia,2009,5,1/26/2009,2/1/2009,,455,180,,40,,0,220,6,18,0,24,244,,Sporadic
China,Western Pacific Region of WHO,Eastern Asia,2009,6,2/2/2009,2/8/2009,,957,262,,48,,1,311,7,28,2,37,348,,Sporadic
China,Western Pacific Region of WHO,Eastern Asia,2009,7,2/9/2009,2/15/2009,,1120,342,,101,,2,445,9,19,0,28,473,,Sporadic
China,Western Pacific Region of WHO,Eastern Asia,2009,8,2/16/2009,2/22/2009,,1086,355,,68,,5,428,11,33,0,44,472,,Sporadic
China,Western Pacific Region of WHO,Eastern Asia,2009,9,2/23/2009,3/1/2009,,1091,258,,86,,6,350,13,46,17,76,426,,Sporadic
China,Western Pacific Region of WHO,Eastern Asia,2009,10,3/2/2009,3/8/2009,,1091,247,,80,,0,327,13,49,17,79,406,,Sporadic
China,Western Pacific Region of WHO,Eastern Asia,2009,11,3/9/2009,3/15/2009,,1045,171,,47,,4,222,4,103,8,115,337,,Sporadic
China,Western Pacific Region of WHO,Eastern Asia,2009,12,3/16/2009,3/22/2009,,1085,117,,50,,3,170,11,103,10,124,294,,Sporadic
China,Western Pacific Region of WHO,Eastern Asia,2009,13,3/23/2009,3/29/2009,,658,64,,33,,5,102,4,66,0,70,172,,Sporadic
China,Western Pacific Region of WHO,Eastern Asia,2009,14,3/30/2009,4/5/2009,,956,62,,39,,3,104,6,92,11,109,213,,Sporadic
China,Western Pacific Region of WHO,Eastern Asia,2009,15,4/6/2009,4/12/2009,,715,49,,25,,0,74,7,74,3,84,158,,Sporadic
China,Western Pacific Region of WHO,Eastern Asia,2009,16,4/13/2009,4/19/2009,,866,48,,16,,0,64,4,98,18,120,184,,Sporadic
China,Western Pacific Region of WHO,Eastern Asia,2009,17,4/20/2009,4/26/2009,,755,27,,22,,1,50,7,82,4,93,143,,Sporadic
China,Western Pacific Region of WHO,Eastern Asia,2009,18,4/27/2009,5/3/2009,,714,31,1,23,,2,57,3,105,46,154,211,,Sporadic
China,Western Pacific Region of WHO,Eastern Asia,2009,19,5/4/2009,5/10/2009,,861,28,,29,,4,61,6,83,16,105,166,,Sporadic
China,Western Pacific Region of WHO,Eastern Asia,2009,20,5/11/2009,5/17/2009,,774,15,2,41,,0,58,9,59,33,101,159,,Sporadic
China,Western Pacific Region of WHO,Eastern Asia,2009,21,5/18/2009,5/24/2009,,525,17,4,41,,1,63,1,57,43,101,164,,Sporadic
China,Western Pacific Region of WHO,Eastern Asia,2009,22,5/25/2009,5/31/2009,,59,8,16,38,,4,66,1,14,1,16,82,,Sporadic
China,Western Pacific Region of WHO,Eastern Asia,2009,23,6/1/2009,6/7/2009,,,6,15,46,,7,74,0,5,0,5,79,,Sporadic
China,Western Pacific Region of WHO,Eastern Asia,2009,24,6/8/2009,6/14/2009,,,7,29,60,,4,100,1,11,0,12,112,,Sporadic
China,Western Pacific Region of WHO,Eastern Asia,2009,25,6/15/2009,6/21/2009,2957,2696,50,220,99,0,16,385,6,44,42,92,477,,Regional Outbreak
China,Western Pacific Region of WHO,Eastern Asia,2009,26,6/22/2009,6/28/2009,3236,2900,68,378,235,0,34,715,6,26,28,60,775,,Regional Outbreak
China,Western Pacific Region of WHO,Eastern Asia,2009,27,6/29/2009,7/5/2009,3126,2722,102,258,283,0,51,694,10,19,23,52,746,,Regional Outbreak
China,Western Pacific Region of WHO,Eastern Asia,2009,28,7/6/2009,7/12/2009,3393,2968,123,317,433,0,63,936,3,12,44,59,995,,Regional Outbreak
China,Western Pacific Region of WHO,Eastern Asia,2009,29,7/13/2009,7/19/2009,3270,2960,144,562,605,0,121,1432,2,28,34,64,1496,,Regional Outbreak
China,Western Pacific Region of WHO,Eastern Asia,2009,30,7/20/2009,7/26/2009,3724,3355,188,901,1027,0,221,2337,10,23,40,73,2410,,Regional Outbreak
China,Western Pacific Region of WHO,Eastern Asia,2009,31,7/27/2009,8/2/2009,3939,3473,188,1391,1253,0,292,3124,9,16,45,70,3194,,Regional Outbreak
China,Western Pacific Region of WHO,Eastern Asia,2009,32,8/3/2009,8/9/2009,4257,3391,72,25,417,0,395,909,2,0,57,59,968,,Regional Outbreak
China,Western Pacific Region of WHO,Eastern Asia,2009,33,8/10/2009,8/16/2009,3579,2530,168,1496,1138,0,333,3135,11,19,35,65,3200,,Regional Outbreak
China,Western Pacific Region of WHO,Eastern Asia,2009,34,8/17/2009,8/23/2009,5060,3478,173,2124,1369,0,430,4096,14,6,58,78,4174,,Regional Outbreak
China,Western Pacific Region of WHO,Eastern Asia,2009,35,8/24/2009,8/30/2009,7025,6492,263,2631,1741,0,700,5335,10,15,65,90,5425,,Widespread Outbreak
China,Western Pacific Region of WHO,Eastern Asia,2009,36,8/31/2009,9/6/2009,7649,6065,268,2710,1585,0,770,5333,20,15,73,108,5441,,Widespread Outbreak
China,Western Pacific Region of WHO,Eastern Asia,2009,37,9/7/2009,9/13/2009,11957,10945,289,4142,1766,0,1083,7280,20,18,151,189,7469,,Widespread Outbreak
China,Western Pacific Region of WHO,Eastern Asia,2009,38,9/14/2009,9/20/2009,9985,8115,172,4242,989,0,807,6210,11,8,84,103,6313,,Widespread Outbreak
China,Western Pacific Region of WHO,Eastern Asia,2009,39,9/21/2009,9/27/2009,8145,6680,118,5383,680,0,622,6803,8,5,61,74,6877,,Widespread Outbreak
China,Western Pacific Region of WHO,Eastern Asia,2009,40,9/28/2009,10/4/2009,5939,5142,53,2027,386,0,396,2862,10,3,64,77,2939,,Widespread Outbreak
China,Western Pacific Region of WHO,Eastern Asia,2009,41,10/5/2009,10/11/2009,4785,4086,43,1097,218,0,289,1647,13,0,42,55,1702,,Widespread Outbreak
China,Western Pacific Region of WHO,Eastern Asia,2009,42,10/12/2009,10/18/2009,8108,6738,40,1901,260,0,315,2516,11,3,57,71,2587,,Regional Outbreak
China,Western Pacific Region of WHO,Eastern Asia,2009,43,10/19/2009,10/25/2009,8542,7112,22,2271,201,0,325,2819,12,0,59,71,2890,,Regional Outbreak
China,Western Pacific Region of WHO,Eastern Asia,2009,44,10/26/2009,11/1/2009,8986,7614,48,3028,147,0,364,3587,5,0,62,67,3654,,Regional Outbreak
China,Western Pacific Region of WHO,Eastern Asia,2009,45,11/2/2009,11/8/2009,10732,10158,27,4394,200,0,413,5034,1,1,47,49,5083,,Regional Outbreak
China,Western Pacific Region of WHO,Eastern Asia,2009,46,11/9/2009,11/15/2009,6831,6340,24,2896,73,0,221,3214,0,0,28,28,3242,,Regional Outbreak
China,Western Pacific Region of WHO,Eastern Asia,2009,47,11/16/2009,11/22/2009,10196,10066,27,5087,136,0,353,5603,3,0,41,44,5647,,Regional Outbreak
China,Western Pacific Region of WHO,Eastern Asia,2009,48,11/23/2009,11/29/2009,7643,7006,13,3808,76,0,250,4147,1,0,31,32,4179,,Regional Outbreak
China,Western Pacific Region of WHO,Eastern Asia,2009,49,11/30/2009,12/6/2009,7102,6338,13,3007,64,0,191,3275,1,0,49,50,3325,,Regional Outbreak
China,Western Pacific Region of WHO,Eastern Asia,2009,50,12/7/2009,12/13/2009,9250,9006,22,3511,112,0,275,3920,0,2,136,138,4058,,Regional Outbreak
China,Western Pacific Region of WHO,Eastern Asia,2009,51,12/14/2009,12/20/2009,8587,8412,9,2812,97,0,239,3157,1,0,174,175,3332,,Regional Outbreak
China,Western Pacific Region of WHO,Eastern Asia,2009,52,12/21/2009,12/27/2009,8209,8149,10,2268,78,0,164,2520,6,19,343,368,2888,,Regional Outbreak
China,Western Pacific Region of WHO,Eastern Asia,2009,53,12/28/2009,1/3/2010,7320,7250,10,1678,67,0,184,1939,8,40,443,491,2430,,Regional Outbreak
China,Western Pacific Region of WHO,Eastern Asia,2010,1,1/4/2010,1/10/2010,7412,7341,10,1218,62,0,145,1435,14,78,652,744,2179,,Regional Outbreak
China,Western Pacific Region of WHO,Eastern Asia,2010,2,1/11/2010,1/17/2010,7294,7155,9,927,47,0,143,1126,14,77,996,1087,2213,,Regional Outbreak
China,Western Pacific Region of WHO,Eastern Asia,2010,3,1/18/2010,1/24/2010,7427,7169,9,638,53,0,105,805,7,33,1383,1423,2228,,Regional Outbreak
China,Western Pacific Region of WHO,Eastern Asia,2010,4,1/25/2010,1/31/2010,6640,6436,10,459,24,0,78,571,4,54,1398,1456,2027,,Regional Outbreak
China,Western Pacific Region of WHO,Eastern Asia,2010,5,2/1/2010,2/7/2010,6403,6325,6,299,32,0,61,398,34,124,1257,1415,1813,,Regional Outbreak
China,Western Pacific Region of WHO,Eastern Asia,2010,6,2/8/2010,2/14/2010,4839,4747,6,180,18,0,56,260,28,125,940,1093,1353,,Regional Outbreak
China,Western Pacific Region of WHO,Eastern Asia,2010,7,2/15/2010,2/21/2010,3383,3338,3,71,12,0,36,122,10,46,621,677,799,,Regional Outbreak
China,Western Pacific Region of WHO,Eastern Asia,2010,8,2/22/2010,2/28/2010,5539,5465,5,102,25,0,57,189,30,127,872,1029,1218,,Regional Outbreak
China,Western Pacific Region of WHO,Eastern Asia,2010,9,3/1/2010,3/7/2010,5681,5630,3,189,20,0,61,273,36,110,914,1060,1333,,Regional Outbreak
China,Western Pacific Region of WHO,Eastern Asia,2010,10,3/8/2010,3/14/2010,5893,5699,5,209,23,0,60,297,28,148,1141,1317,1614,,Regional Outbreak
China,Western Pacific Region of WHO,Eastern Asia,2010,11,3/15/2010,3/21/2010,6332,6216,6,159,14,0,70,249,28,244,1224,1496,1745,,Regional Outbreak
China,Western Pacific Region of WHO,Eastern Asia,2010,12,3/22/2010,3/28/2010,5859,5618,3,153,13,0,44,213,34,226,1075,1335,1548,,Regional Outbreak
China,Western Pacific Region of WHO,Eastern Asia,2010,13,3/29/2010,4/4/2010,5659,5490,4,97,18,0,25,144,37,241,966,1244,1388,,Regional Outbreak
China,Western Pacific Region of WHO,Eastern Asia,2010,14,4/5/2010,4/11/2010,5007,4642,5,51,14,0,21,91,18,81,653,752,843,,Regional Outbreak
China,Western Pacific Region of WHO,Eastern Asia,2010,15,4/12/2010,4/18/2010,3802,3392,1,47,9,0,16,73,22,81,459,562,635,,Regional Outbreak
China,Western Pacific Region of WHO,Eastern Asia,2010,16,4/19/2010,4/25/2010,5401,4924,1,40,13,0,21,75,33,87,521,641,716,,Regional Outbreak
China,Western Pacific Region of WHO,Eastern Asia,2010,17,4/26/2010,5/2/2010,4637,4101,2,36,6,0,14,58,23,125,396,544,602,,Regional Outbreak
China,Western Pacific Region of WHO,Eastern Asia,2010,18,5/3/2010,5/9/2010,4587,4354,8,40,6,0,7,61,38,113,317,468,529,,Regional Outbreak
China,Western Pacific Region of WHO,Eastern Asia,2010,19,5/10/2010,5/16/2010,4712,4250,9,51,13,0,17,90,23,73,248,344,434,,Regional Outbreak
China,Western Pacific Region of WHO,Eastern Asia,2010,20,5/17/2010,5/23/2010,4477,3979,4,27,10,0,22,63,246,55,4,305,368,,Regional Outbreak
China,Western Pacific Region of WHO,Eastern Asia,2010,21,5/24/2010,5/30/2010,4407,3951,7,28,4,0,19,58,28,60,168,256,314,,Regional Outbreak
China,Western Pacific Region of WHO,Eastern Asia,2010,22,5/31/2010,6/6/2010,4146,3674,6,22,2,1,17,48,17,32,128,177,225,,Regional Outbreak
China,Western Pacific Region of WHO,Eastern Asia,2010,23,6/7/2010,6/13/2010,4124,3654,7,31,4,0,30,72,11,34,121,166,238,,Regional Outbreak
China,Western Pacific Region of WHO,Eastern Asia,2010,24,6/14/2010,6/20/2010,3054,2741,0,15,4,0,11,30,14,11,63,88,118,,Regional Outbreak
China,Western Pacific Region of WHO,Eastern Asia,2010,25,6/21/2010,6/27/2010,3948,3607,1,24,8,0,24,57,25,16,87,128,185,,Regional Outbreak
China,Western Pacific Region of WHO,Eastern Asia,2010,26,6/28/2010,7/4/2010,3773,3311,2,32,20,0,33,87,12,15,88,115,202,,Regional Outbreak
China,Western Pacific Region of WHO,Eastern Asia,2010,27,7/5/2010,7/11/2010,4033,3683,1,55,44,0,24,124,28,12,98,138,262,,Regional Outbreak
China,Western Pacific Region of WHO,Eastern Asia,2010,28,7/12/2010,7/18/2010,4204,3883,1,66,84,0,33,184,29,20,101,150,334,,Regional Outbreak
China,Western Pacific Region of WHO,Eastern Asia,2010,29,7/19/2010,7/25/2010,4351,4122,1,77,151,0,45,274,40,17,101,158,432,,Regional Outbreak
China,Western Pacific Region of WHO,Eastern Asia,2010,30,7/26/2010,8/1/2010,4218,3817,1,60,164,0,63,288,22,6,97,125,413,,Regional Outbreak
China,Western Pacific Region of WHO,Eastern Asia,2010,31,8/2/2010,8/8/2010,4506,4076,1,92,293,0,119,505,26,10,74,110,615,,Regional Outbreak
China,Western Pacific Region of WHO,Eastern Asia,2010,32,8/9/2010,8/15/2010,4222,3595,0,110,446,0,115,671,32,3,70,105,776,,Local Outbreak
China,Western Pacific Region of WHO,Eastern Asia,2010,33,8/16/2010,8/22/2010,4257,3636,1,69,494,0,119,683,25,4,70,99,782,,Regional Outbreak
China,Western Pacific Region of WHO,Eastern Asia,2010,34,8/23/2010,8/29/2010,4205,3723,2,72,678,0,187,939,24,4,51,79,1018,,Regional Outbreak
China,Western Pacific Region of WHO,Eastern Asia,2010,35,8/30/2010,9/5/2010,4185,3700,0,59,887,0,182,1128,18,4,61,83,1211,,Regional Outbreak
China,Western Pacific Region of WHO,Eastern Asia,2010,36,9/6/2010,9/12/2010,4326,3739,0,42,1081,0,249,1372,11,3,55,69,1441,,Regional Outbreak
China,Western Pacific Region of WHO,Eastern Asia,2010,37,9/13/2010,9/19/2010,4412,3697,3,25,1176,0,208,1412,6,6,49,61,1473,,Regional Outbreak
China,Western Pacific Region of WHO,Eastern Asia,2010,38,9/20/2010,9/26/2010,3652,3202,2,29,952,0,154,1137,13,1,46,60,1197,,Regional Outbreak
China,Western Pacific Region of WHO,Eastern Asia,2010,39,9/27/2010,10/3/2010,3322,2912,0,16,875,0,101,992,10,7,36,53,1045,,Regional Outbreak
China,Western Pacific Region of WHO,Eastern Asia,2010,40,10/4/2010,10/10/2010,2956,2655,1,25,739,0,79,844,11,5,30,46,890,,Local Outbreak
China,Western Pacific Region of WHO,Eastern Asia,2010,41,10/11/2010,10/17/2010,3767,2999,1,12,557,0,70,640,4,3,38,45,685,,Local Outbreak
China,Western Pacific Region of WHO,Eastern Asia,2010,42,10/18/2010,10/24/2010,3826,2808,4,22,380,0,44,450,7,4,47,58,508,,Local Outbreak
China,Western Pacific Region of WHO,Eastern Asia,2010,43,10/25/2010,10/31/2010,4040,3510,3,43,353,0,51,450,5,6,37,48,498,,Local Outbreak
China,Western Pacific Region of WHO,Eastern Asia,2010,44,11/1/2010,11/7/2010,4276,3345,1,8,267,0,68,344,7,7,42,56,400,,Local Outbreak
China,Western Pacific Region of WHO,Eastern Asia,2010,45,11/8/2010,11/14/2010,4349,3337,5,5,273,0,50,333,11,6,39,56,389,,Local Outbreak
China,Western Pacific Region of WHO,Eastern Asia,2010,46,11/15/2010,11/21/2010,3761,2450,3,13,162,1,13,192,6,1,46,53,245,,Local Outbreak
China,Western Pacific Region of WHO,Eastern Asia,2010,47,11/22/2010,11/28/2010,4433,3094,6,21,257,0,42,326,4,10,57,71,397,,Local Outbreak
China,Western Pacific Region of WHO,Eastern Asia,2010,48,11/29/2010,12/5/2010,4447,2889,0,25,292,0,21,338,6,5,51,62,400,,Local Outbreak
China,Western Pacific Region of WHO,Eastern Asia,2010,49,12/6/2010,12/12/2010,4357,2752,0,22,285,0,49,356,2,9,28,39,395,,Local Outbreak
China,Western Pacific Region of WHO,Eastern Asia,2010,50,12/13/2010,12/19/2010,4368,2889,0,42,242,0,17,301,3,6,49,58,359,,Local Outbreak
China,Western Pacific Region of WHO,Eastern Asia,2010,51,12/20/2010,12/26/2010,5106,4102,0,127,357,0,58,542,6,9,45,60,602,,Local Outbreak
China,Western Pacific Region of WHO,Eastern Asia,2010,52,12/27/2010,1/2/2011,4367,2970,0,203,225,0,35,463,1,14,54,69,532,,Local Outbreak
China,Western Pacific Region of WHO,Eastern Asia,2011,1,1/3/2011,1/9/2011,4567,3100,0,455,203,0,81,739,1,11,57,69,808,,Local Outbreak
China,Western Pacific Region of WHO,Eastern Asia,2011,2,1/10/2011,1/16/2011,5032,3392,0,859,156,0,80,1095,5,14,65,84,1179,,Local Outbreak
China,Western Pacific Region of WHO,Eastern Asia,2011,3,1/17/2011,1/23/2011,5681,4753,0,1399,177,0,85,1661,3,7,68,78,1739,,Local Outbreak
China,Western Pacific Region of WHO,Eastern Asia,2011,4,1/24/2011,1/30/2011,5420,4231,0,1653,88,0,90,1831,5,27,71,103,1934,,Widespread Outbreak
China,Western Pacific Region of WHO,Eastern Asia,2011,5,1/31/2011,2/6/2011,2340,1781,0,1261,68,0,44,1373,6,28,53,87,1460,,Widespread Outbreak
China,Western Pacific Region of WHO,Eastern Asia,2011,6,2/7/2011,2/13/2011,3659,2536,0,1308,53,0,44,1405,10,29,103,142,1547,,Widespread Outbreak
China,Western Pacific Region of WHO,Eastern Asia,2011,7,2/14/2011,2/20/2011,4891,3472,0,1198,48,0,36,1282,19,32,155,206,1488,,Local Outbreak
China,Western Pacific Region of WHO,Eastern Asia,2011,8,2/21/2011,2/27/2011,5303,3668,0,796,36,0,36,868,22,21,178,221,1089,,Local Outbreak
China,Western Pacific Region of WHO,Eastern Asia,2011,9,2/28/2011,3/6/2011,5522,4492,0,604,26,0,22,652,41,41,214,296,948,,Local Outbreak
China,Western Pacific Region of WHO,Eastern Asia,2011,10,3/7/2011,3/13/2011,5304,4017,0,386,23,0,27,436,18,43,216,277,713,,Local Outbreak
China,Western Pacific Region of WHO,Eastern Asia,2011,11,3/14/2011,3/20/2011,5281,3953,0,182,13,0,14,209,34,45,260,339,548,,Local Outbreak
China,Western Pacific Region of WHO,Eastern Asia,2011,12,3/21/2011,3/27/2011,4954,3770,0,77,9,0,16,102,28,47,247,322,424,,Local Outbreak
China,Western Pacific Region of WHO,Eastern Asia,2011,13,3/28/2011,4/3/2011,4474,3198,0,48,8,0,11,67,25,36,249,310,377,,Local Outbreak
China,Western Pacific Region of WHO,Eastern Asia,2011,14,4/4/2011,4/10/2011,3387,2438,0,15,1,0,6,22,14,63,202,279,301,,Local Outbreak
China,Western Pacific Region of WHO,Eastern Asia,2011,15,4/11/2011,4/17/2011,3506,2523,0,16,0,0,4,20,19,46,192,257,277,,Local Outbreak
China,Western Pacific Region of WHO,Eastern Asia,2011,16,4/18/2011,4/24/2011,3521,2903,0,11,6,0,10,27,18,73,158,249,276,,Local Outbreak
China,Western Pacific Region of WHO,Eastern Asia,2011,17,4/25/2011,5/1/2011,3198,2233,0,8,1,0,17,26,7,28,116,151,177,,Sporadic
China,Western Pacific Region of WHO,Eastern Asia,2011,18,5/2/2011,5/8/2011,2837,2040,0,1,2,0,5,8,6,31,96,133,141,,Sporadic
China,Western Pacific Region of WHO,Eastern Asia,2011,19,5/9/2011,5/15/2011,2990,2168,0,1,2,0,3,6,12,28,110,150,156,,Sporadic
China,Western Pacific Region of WHO,Eastern Asia,2011,20,5/16/2011,5/22/2011,3200,2656,0,1,1,0,7,9,12,29,95,136,145,,Sporadic
China,Western Pacific Region of WHO,Eastern Asia,2011,21,5/23/2011,5/29/2011,2969,2371,0,0,4,0,3,7,10,20,77,107,114,,Sporadic
China,Western Pacific Region of WHO,Eastern Asia,2011,22,5/30/2011,6/5/2011,2571,1855,0,0,1,0,4,5,16,9,51,76,81,,Sporadic
China,Western Pacific Region of WHO,Eastern Asia,2011,23,6/6/2011,6/12/2011,2530,1763,0,3,6,0,4,13,8,5,34,47,60,,Sporadic
China,Western Pacific Region of WHO,Eastern Asia,2011,24,6/13/2011,6/19/2011,2560,1911,0,3,1,0,5,9,15,9,31,55,64,,Sporadic
China,Western Pacific Region of WHO,Eastern Asia,2011,25,6/20/2011,6/26/2011,2570,1804,0,0,0,0,2,2,6,5,26,37,39,,Sporadic
China,Western Pacific Region of WHO,Eastern Asia,2011,26,6/27/2011,7/3/2011,2365,1629,0,0,4,0,4,8,9,9,27,45,53,,Sporadic
China,Western Pacific Region of WHO,Eastern Asia,2011,27,7/4/2011,7/10/2011,2471,1712,0,5,4,0,1,10,17,7,23,47,57,,Sporadic
China,Western Pacific Region of WHO,Eastern Asia,2011,28,7/11/2011,7/17/2011,2645,2231,0,5,12,0,4,21,12,9,29,50,71,,Sporadic
China,Western Pacific Region of WHO,Eastern Asia,2011,29,7/18/2011,7/24/2011,2471,1751,0,3,7,0,0,10,12,5,37,54,64,,Sporadic
China,Western Pacific Region of WHO,Eastern Asia,2011,30,7/25/2011,7/31/2011,2642,2149,0,2,17,0,4,23,30,1,52,83,106,,Sporadic
China,Western Pacific Region of WHO,Eastern Asia,2011,31,8/1/2011,8/7/2011,2666,2411,0,1,31,0,3,35,28,9,47,84,119,,Sporadic
China,Western Pacific Region of WHO,Eastern Asia,2011,32,8/8/2011,8/14/2011,2767,2480,0,5,29,0,12,46,32,11,32,75,121,,Sporadic
China,Western Pacific Region of WHO,Eastern Asia,2011,33,8/15/2011,8/21/2011,2456,2032,0,2,21,0,6,29,20,9,45,74,103,,Sporadic
China,Western Pacific Region of WHO,Eastern Asia,2011,34,8/22/2011,8/28/2011,2349,1696,0,0,26,0,5,31,13,7,32,52,83,,Sporadic
China,Western Pacific Region of WHO,Eastern Asia,2011,35,8/29/2011,9/4/2011,2468,1840,0,3,31,0,4,38,13,7,50,70,108,,Sporadic
China,Western Pacific Region of WHO,Eastern Asia,2011,36,9/5/2011,9/11/2011,2450,1677,0,3,80,0,4,87,14,3,43,60,147,,Sporadic
China,Western Pacific Region of WHO,Eastern Asia,2011,37,9/12/2011,9/18/2011,2730,2309,0,3,54,0,5,62,6,4,37,47,109,,Sporadic
China,Western Pacific Region of WHO,Eastern Asia,2011,38,9/19/2011,9/25/2011,2585,1964,0,2,74,0,4,80,11,6,32,49,129,,Sporadic
China,Western Pacific Region of WHO,Eastern Asia,2011,39,9/26/2011,10/2/2011,2662,2212,0,1,82,0,3,86,17,6,43,66,152,,Sporadic
China,Western Pacific Region of WHO,Eastern Asia,2011,40,10/3/2011,10/9/2011,2322,1869,0,4,81,0,3,88,7,2,45,54,142,,Sporadic
China,Western Pacific Region of WHO,Eastern Asia,2011,41,10/10/2011,10/16/2011,3503,2446,0,3,102,0,3,108,6,2,30,38,146,,Sporadic
China,Western Pacific Region of WHO,Eastern Asia,2011,42,10/17/2011,10/23/2011,3955,2777,0,2,70,0,4,76,9,3,29,41,117,,Sporadic
China,Western Pacific Region of WHO,Eastern Asia,2011,43,10/24/2011,10/30/2011,4243,3328,0,0,83,0,4,87,10,8,56,74,161,,Sporadic
China,Western Pacific Region of WHO,Eastern Asia,2011,44,10/31/2011,11/6/2011,4098,2836,0,3,68,0,2,73,6,5,70,81,154,,Sporadic
China,Western Pacific Region of WHO,Eastern Asia,2011,45,11/7/2011,11/13/2011,4082,2725,0,1,65,0,8,74,75,12,79,166,240,,Sporadic
China,Western Pacific Region of WHO,Eastern Asia,2011,46,11/14/2011,11/20/2011,4764,3953,0,10,58,0,10,78,7,40,97,144,222,,Sporadic
China,Western Pacific Region of WHO,Eastern Asia,2011,47,11/21/2011,11/27/2011,4575,3192,0,3,58,0,9,70,13,16,112,141,211,,Sporadic
China,Western Pacific Region of WHO,Eastern Asia,2011,48,11/28/2011,12/4/2011,4579,2946,0,0,68,0,9,77,12,22,110,144,221,,Sporadic
China,Western Pacific Region of WHO,Eastern Asia,2011,49,12/5/2011,12/11/2011,4693,3346,0,1,73,0,18,92,12,26,174,212,304,,Sporadic
China,Western Pacific Region of WHO,Eastern Asia,2011,50,12/12/2011,12/18/2011,5385,4862,0,7,66,0,9,82,42,143,243,428,510,,Sporadic
China,Western Pacific Region of WHO,Eastern Asia,2011,51,12/19/2011,12/25/2011,5538,4624,0,15,69,0,5,89,54,139,440,633,722,,Local Outbreak
China,Western Pacific Region of WHO,Eastern Asia,2011,52,12/26/2011,1/1/2012,5273,3857,0,0,73,0,13,86,32,110,630,772,858,,Local Outbreak
China,Western Pacific Region of WHO,Eastern Asia,2012,1,1/2/2012,1/8/2012,6371,5236,0,1,109,0,9,119,82,471,503,1056,1175,,Regional Outbreak
China,Western Pacific Region of WHO,Eastern Asia,2012,2,1/9/2012,1/15/2012,6978,5897,0,2,123,0,11,136,119,702,648,1469,1605,,Regional Outbreak
China,Western Pacific Region of WHO,Eastern Asia,2012,3,1/16/2012,1/22/2012,6104,4896,0,2,120,0,10,132,147,542,628,1317,1449,,Regional Outbreak
China,Western Pacific Region of WHO,Eastern Asia,2012,4,1/23/2012,1/29/2012,3801,2685,0,4,92,0,11,107,108,314,348,770,877,,Local Outbreak
China,Western Pacific Region of WHO,Eastern Asia,2012,5,1/30/2012,2/5/2012,6584,5166,0,1,205,0,20,226,234,656,603,1493,1719,,Regional Outbreak
China,Western Pacific Region of WHO,Eastern Asia,2012,6,2/6/2012,2/12/2012,7110,5609,0,5,203,0,23,231,316,701,736,1753,1984,,Regional Outbreak
China,Western Pacific Region of WHO,Eastern Asia,2012,7,2/13/2012,2/19/2012,8101,6461,0,12,322,0,36,370,385,992,970,2347,2717,,Regional Outbreak
China,Western Pacific Region of WHO,Eastern Asia,2012,8,2/20/2012,2/26/2012,8752,7050,0,3,474,0,44,521,380,1041,1209,2630,3151,,Regional Outbreak
China,Western Pacific Region of WHO,Eastern Asia,2012,9,2/27/2012,3/4/2012,8047,5534,0,3,563,0,45,611,350,870,975,2195,2806,,Regional Outbreak
China,Western Pacific Region of WHO,Eastern Asia,2012,10,3/5/2012,3/11/2012,8614,6597,0,5,704,0,63,772,321,783,865,1969,2741,,Regional Outbreak
China,Western Pacific Region of WHO,Eastern Asia,2012,11,3/12/2012,3/18/2012,8379,6315,0,13,805,0,72,890,265,607,635,1507,2397,,Regional Outbreak
China,Western Pacific Region of WHO,Eastern Asia,2012,12,3/19/2012,3/25/2012,7850,5691,0,5,832,0,74,911,258,367,390,1015,1926,,Regional Outbreak
China,Western Pacific Region of WHO,Eastern Asia,2012,13,3/26/2012,4/1/2012,7903,5614,0,8,881,0,65,954,196,224,298,718,1672,,Regional Outbreak
China,Western Pacific Region of WHO,Eastern Asia,2012,14,4/2/2012,4/8/2012,4861,3259,0,10,513,0,32,555,89,89,120,298,853,,Regional Outbreak
China,Western Pacific Region of WHO,Eastern Asia,2012,15,4/9/2012,4/15/2012,5980,3746,0,13,531,0,25,569,89,45,85,219,788,,Regional Outbreak
China,Western Pacific Region of WHO,Eastern Asia,2012,16,4/16/2012,4/22/2012,5285,3378,0,13,479,0,22,514,35,33,92,160,674,,Regional Outbreak
China,Western Pacific Region of WHO,Eastern Asia,2012,17,4/23/2012,4/29/2012,4831,2744,0,16,448,0,32,496,35,13,32,80,576,,Local Outbreak
China,Western Pacific Region of WHO,Eastern Asia,2012,18,4/30/2012,5/6/2012,4693,2026,0,11,453,0,21,485,24,10,22,56,541,,Local Outbreak
China,Western Pacific Region of WHO,Eastern Asia,2012,19,5/7/2012,5/13/2012,5343,2768,0,3,645,0,45,693,17,5,20,42,735,,Local Outbreak
China,Western Pacific Region of WHO,Eastern Asia,2012,20,5/14/2012,5/20/2012,5280,2190,0,5,802,0,44,851,16,8,12,36,887,,Local Outbreak
China,Western Pacific Region of WHO,Eastern Asia,2012,21,5/21/2012,5/27/2012,5437,1138,0,3,975,0,29,1007,9,2,24,35,1042,,Local Outbreak
China,Western Pacific Region of WHO,Eastern Asia,2012,22,5/28/2012,6/3/2012,5062,2049,0,5,797,1,34,837,3,2,9,14,851,,Local Outbreak
China,Western Pacific Region of WHO,Eastern Asia,2012,23,6/4/2012,6/10/2012,5344,2137,0,2,674,3,25,704,4,3,12,19,723,,Local Outbreak
China,Western Pacific Region of WHO,Eastern Asia,2012,24,6/11/2012,6/17/2012,4990,2028,0,0,524,0,28,552,11,0,7,18,570,,Local Outbreak
China,Western Pacific Region of WHO,Eastern Asia,2012,25,6/18/2012,6/24/2012,4475,1969,0,4,444,0,28,476,1,1,9,11,487,,Local Outbreak
China,Western Pacific Region of WHO,Eastern Asia,2012,26,6/25/2012,7/1/2012,4899,2579,0,4,476,0,48,528,14,1,13,28,556,,Local Outbreak
China,Western Pacific Region of WHO,Eastern Asia,2012,27,7/2/2012,7/8/2012,4648,2663,0,2,537,0,48,587,1,0,9,10,597,,Local Outbreak
China,Western Pacific Region of WHO,Eastern Asia,2012,28,7/9/2012,7/15/2012,4490,2656,0,2,563,0,55,620,0,5,4,9,629,,Local Outbreak
China,Western Pacific Region of WHO,Eastern Asia,2012,29,7/16/2012,7/22/2012,4504,2688,0,2,594,0,39,635,2,5,3,10,645,,Local Outbreak
China,Western Pacific Region of WHO,Eastern Asia,2012,30,7/23/2012,7/29/2012,4372,2672,0,4,666,0,48,718,3,7,13,23,741,,Local Outbreak
China,Western Pacific Region of WHO,Eastern Asia,2012,31,7/30/2012,8/5/2012,4380,2650,0,2,605,0,41,648,1,2,8,11,659,,Local Outbreak
China,Western Pacific Region of WHO,Eastern Asia,2012,32,8/6/2012,8/12/2012,4377,2701,0,0,535,0,32,567,5,3,2,10,577,,Local Outbreak
China,Western Pacific Region of WHO,Eastern Asia,2012,33,8/13/2012,8/19/2012,4162,2418,0,0,395,0,24,419,2,1,6,9,428,,Local Outbreak
China,Western Pacific Region of WHO,Eastern Asia,2012,34,8/20/2012,8/26/2012,4146,2153,0,1,340,0,21,362,0,1,13,14,376,,Local Outbreak
China,Western Pacific Region of WHO,Eastern Asia,2012,35,8/27/2012,9/2/2012,4097,2391,0,0,321,0,22,343,3,2,6,11,354,,Local Outbreak
China,Western Pacific Region of WHO,Eastern Asia,2012,36,9/3/2012,9/9/2012,3877,1919,0,3,226,0,28,257,0,1,3,4,261,,Local Outbreak
China,Western Pacific Region of WHO,Eastern Asia,2012,37,9/10/2012,9/16/2012,4056,2258,0,1,190,0,18,209,1,2,9,12,221,,Local Outbreak
China,Western Pacific Region of WHO,Eastern Asia,2012,38,9/17/2012,9/23/2012,4351,2692,0,0,165,0,9,174,1,3,1,5,179,,Local Outbreak
China,Western Pacific Region of WHO,Eastern Asia,2012,39,9/24/2012,9/30/2012,3964,2160,0,0,94,0,9,103,5,0,5,10,113,,Local Outbreak
China,Western Pacific Region of WHO,Eastern Asia,2012,40,10/1/2012,10/7/2012,3431,1631,0,3,41,0,2,46,2,0,2,4,50,,Local Outbreak
China,Western Pacific Region of WHO,Eastern Asia,2012,41,10/8/2012,10/14/2012,5431,3185,0,2,45,0,3,50,1,1,4,6,56,,Local Outbreak
China,Western Pacific Region of WHO,Eastern Asia,2012,42,10/15/2012,10/21/2012,5769,3369,0,1,48,0,5,54,1,5,11,17,71,,Local Outbreak
China,Western Pacific Region of WHO,Eastern Asia,2012,43,10/22/2012,10/28/2012,5731,3539,0,0,52,0,7,59,1,0,13,14,73,,Local Outbreak
China,Western Pacific Region of WHO,Eastern Asia,2012,44,10/29/2012,11/4/2012,5619,3542,0,1,67,0,7,75,1,3,15,19,94,,Local Outbreak
China,Western Pacific Region of WHO,Eastern Asia,2012,45,11/5/2012,11/11/2012,5923,3481,0,3,76,0,5,84,0,0,9,9,93,,Local Outbreak
China,Western Pacific Region of WHO,Eastern Asia,2012,46,11/12/2012,11/18/2012,6335,4423,0,2,123,0,4,129,3,14,18,35,164,,Local Outbreak
China,Western Pacific Region of WHO,Eastern Asia,2012,47,11/19/2012,11/25/2012,6324,3707,0,10,156,0,10,176,4,2,25,31,207,,Local Outbreak
China,Western Pacific Region of WHO,Eastern Asia,2012,48,11/26/2012,12/2/2012,6150,3904,0,1,223,0,10,234,3,12,3,18,252,,Local Outbreak
China,Western Pacific Region of WHO,Eastern Asia,2012,49,12/3/2012,12/9/2012,6583,4587,0,12,309,0,19,340,5,13,18,36,376,,Local Outbreak
China,Western Pacific Region of WHO,Eastern Asia,2012,50,12/10/2012,12/16/2012,6602,3988,0,39,376,0,26,441,2,12,23,37,478,,Local Outbreak
China,Western Pacific Region of WHO,Eastern Asia,2012,51,12/17/2012,12/23/2012,6974,5125,0,70,470,0,17,557,11,19,23,53,610,,Local Outbreak
China,Western Pacific Region of WHO,Eastern Asia,2012,52,12/24/2012,12/30/2012,6834,4641,0,38,474,0,25,537,3,2,23,28,565,,Local Outbreak
China,Western Pacific Region of WHO,Eastern Asia,2013,1,12/31/2012,1/6/2013,1217,,0,21,280,0,40,341,2,0,17,19,360,,Local Outbreak
China,Western Pacific Region of WHO,Eastern Asia,2013,2,1/7/2013,1/13/2013,7803,5380,0,159,563,0,21,743,10,8,10,28,771,,Local Outbreak
China,Western Pacific Region of WHO,Eastern Asia,2013,3,1/14/2013,1/20/2013,8392,4875,0,88,497,0,48,633,2,4,15,21,654,,Local Outbreak
China,Western Pacific Region of WHO,Eastern Asia,2013,4,1/21/2013,1/27/2013,8308,5941,0,765,417,0,55,1237,14,3,16,33,1270,,Local Outbreak
China,Western Pacific Region of WHO,Eastern Asia,2013,5,1/28/2013,2/3/2013,7739,4797,0,589,282,0,25,896,7,0,19,26,922,,Local Outbreak
China,Western Pacific Region of WHO,Eastern Asia,2013,6,2/4/2013,2/10/2013,5920,2679,0,320,136,0,19,475,2,0,4,6,481,,Local Outbreak
China,Western Pacific Region of WHO,Eastern Asia,2013,7,2/11/2013,2/17/2013,5293,2968,0,349,140,0,4,493,1,2,7,10,503,,Local Outbreak
China,Western Pacific Region of WHO,Eastern Asia,2013,8,2/18/2013,2/24/2013,7106,3945,0,444,127,0,18,589,5,5,7,17,606,,Local Outbreak
China,Western Pacific Region of WHO,Eastern Asia,2013,9,2/25/2013,3/3/2013,7760,5858,0,597,215,0,11,823,6,4,15,25,848,,Local Outbreak
China,Western Pacific Region of WHO,Eastern Asia,2013,10,3/4/2013,3/10/2013,7979,5766,0,662,183,0,5,850,9,6,12,27,877,,Local Outbreak
China,Western Pacific Region of WHO,Eastern Asia,2013,11,3/11/2013,3/17/2013,7909,5218,0,576,141,0,8,725,9,7,11,27,752,,Local Outbreak
China,Western Pacific Region of WHO,Eastern Asia,2013,12,3/18/2013,3/24/2013,7578,5784,0,572,120,0,0,692,16,2,10,28,720,,Local Outbreak
China,Western Pacific Region of WHO,Eastern Asia,2013,13,3/25/2013,3/31/2013,7105,5368,0,457,93,0,0,550,8,3,4,15,565,,Local Outbreak
China,Western Pacific Region of WHO,Eastern Asia,2013,14,4/1/2013,4/7/2013,7396,5563,0,472,92,0,0,564,6,2,12,20,584,,Local Outbreak
China,Western Pacific Region of WHO,Eastern Asia,2013,15,4/8/2013,4/14/2013,9235,6866,0,567,73,0,0,640,22,5,13,40,680,,Local Outbreak
China,Western Pacific Region of WHO,Eastern Asia,2013,16,4/15/2013,4/21/2013,9362,6653,0,499,75,0,2,576,9,1,23,33,609,,Local Outbreak
China,Western Pacific Region of WHO,Eastern Asia,2013,17,4/22/2013,4/28/2013,8602,6354,0,417,69,0,7,493,4,2,28,34,527,,Local Outbreak
China,Western Pacific Region of WHO,Eastern Asia,2013,18,4/29/2013,5/5/2013,7256,5330,0,338,52,0,5,395,6,9,11,26,421,,Local Outbreak
China,Western Pacific Region of WHO,Eastern Asia,2013,19,5/6/2013,5/12/2013,7777,5848,0,296,34,0,1,331,2,0,8,10,341,,Local Outbreak
China,Western Pacific Region of WHO,Eastern Asia,2013,20,5/13/2013,5/19/2013,7285,5260,0,193,31,0,2,226,4,5,13,22,248,,Local Outbreak
China,Western Pacific Region of WHO,Eastern Asia,2013,21,5/20/2013,5/26/2013,7607,5751,0,226,29,0,2,257,4,4,12,20,277,,Local Outbreak
China,Western Pacific Region of WHO,Eastern Asia,2013,22,5/27/2013,6/2/2013,7228,5170,0,138,22,0,0,160,5,4,16,25,185,,Local Outbreak
China,Western Pacific Region of WHO,Eastern Asia,2013,23,6/3/2013,6/9/2013,7013,4761,0,124,37,0,7,168,4,1,18,23,191,,Local Outbreak
China,Western Pacific Region of WHO,Eastern Asia,2013,24,6/10/2013,6/16/2013,6751,4963,0,123,35,0,0,158,8,4,6,18,176,,Local Outbreak
China,Western Pacific Region of WHO,Eastern Asia,2013,25,6/17/2013,6/23/2013,7435,5537,0,119,47,0,4,170,7,3,13,23,193,,Local Outbreak
China,Western Pacific Region of WHO,Eastern Asia,2013,26,6/24/2013,6/30/2013,6956,4835,0,123,50,0,7,180,10,1,21,32,212,,Local Outbreak
China,Western Pacific Region of WHO,Eastern Asia,2013,27,7/1/2013,7/7/2013,6871,5253,0,111,79,0,5,195,5,1,21,27,222,,Sporadic
China,Western Pacific Region of WHO,Eastern Asia,2013,28,7/8/2013,7/14/2013,6726,4875,0,88,90,0,0,178,7,0,11,18,196,,Sporadic
China,Western Pacific Region of WHO,Eastern Asia,2013,29,7/15/2013,7/21/2013,6972,4986,0,82,108,0,2,192,5,2,14,21,213,,Sporadic
China,Western Pacific Region of WHO,Eastern Asia,2013,30,7/22/2013,7/28/2013,7193,5270,0,77,157,0,0,234,6,1,18,25,259,,Sporadic
China,Western Pacific Region of WHO,Eastern Asia,2013,31,7/29/2013,8/4/2013,6767,4548,0,82,188,0,6,276,5,0,11,16,292,,Sporadic
China,Western Pacific Region of WHO,Eastern Asia,2013,32,8/5/2013,8/11/2013,7391,5321,0,67,203,0,6,276,7,2,15,24,300,,Sporadic
China,Western Pacific Region of WHO,Eastern Asia,2013,33,8/12/2013,8/18/2013,7463,5544,0,72,261,0,3,336,8,0,32,40,376,,Sporadic
China,Western Pacific Region of WHO,Eastern Asia,2013,34,8/19/2013,8/25/2013,7373,5711,0,56,191,0,1,248,9,3,17,29,277,,Sporadic
China,Western Pacific Region of WHO,Eastern Asia,2013,35,8/26/2013,9/1/2013,7047,5219,0,54,227,0,1,282,8,2,21,31,313,,Sporadic
China,Western Pacific Region of WHO,Eastern Asia,2013,36,9/2/2013,9/8/2013,7041,4831,0,53,274,0,5,332,14,2,39,55,387,,Sporadic
China,Western Pacific Region of WHO,Eastern Asia,2013,37,9/9/2013,9/15/2013,7685,5701,0,59,427,0,0,486,20,7,53,80,566,,Sporadic
China,Western Pacific Region of WHO,Eastern Asia,2013,38,9/16/2013,9/22/2013,7103,5111,0,44,398,0,0,442,27,1,62,90,532,,Sporadic
China,Western Pacific Region of WHO,Eastern Asia,2013,39,9/23/2013,9/29/2013,7987,5936,0,33,340,0,3,376,30,6,66,102,478,,Sporadic
China,Western Pacific Region of WHO,Eastern Asia,2013,40,9/30/2013,10/6/2013,6855,4931,0,21,268,0,3,292,25,0,47,72,364,,Sporadic
China,Western Pacific Region of WHO,Eastern Asia,2013,41,10/7/2013,10/13/2013,9611,7858,0,50,283,0,1,334,33,2,50,85,419,,Sporadic
China,Western Pacific Region of WHO,Eastern Asia,2013,42,10/14/2013,10/20/2013,9625,7874,0,46,217,0,3,266,30,1,63,94,360,,Sporadic
China,Western Pacific Region of WHO,Eastern Asia,2013,43,10/21/2013,10/27/2013,9855,7321,0,53,181,0,6,240,14,0,88,102,342,,Sporadic
China,Western Pacific Region of WHO,Eastern Asia,2013,44,10/28/2013,11/3/2013,10335,8313,0,97,215,0,8,320,44,2,86,132,452,,Sporadic
China,Western Pacific Region of WHO,Eastern Asia,2013,45,11/4/2013,11/10/2013,10268,7365,0,92,221,0,5,318,21,6,115,142,460,,Sporadic
China,Western Pacific Region of WHO,Eastern Asia,2013,46,11/11/2013,11/17/2013,10718,8711,0,166,258,0,2,426,90,5,144,239,665,,Sporadic
China,Western Pacific Region of WHO,Eastern Asia,2013,47,11/18/2013,11/24/2013,10899,8107,0,131,322,0,10,463,52,5,211,268,731,,Local Outbreak
China,Western Pacific Region of WHO,Eastern Asia,2013,48,11/25/2013,12/1/2013,11744,9906,0,273,512,0,4,789,178,11,241,430,1219,,Local Outbreak
China,Western Pacific Region of WHO,Eastern Asia,2013,49,12/2/2013,12/8/2013,12378,10069,0,349,710,0,2,1061,197,13,341,551,1612,,Local Outbreak
China,Western Pacific Region of WHO,Eastern Asia,2013,50,12/9/2013,12/15/2013,12723,9987,0,511,844,0,7,1362,186,31,450,667,2029,,Regional Outbreak
China,Western Pacific Region of WHO,Eastern Asia,2013,51,12/16/2013,12/22/2013,12805,9571,0,647,1014,0,12,1673,117,16,592,725,2398,,Regional Outbreak
China,Western Pacific Region of WHO,Eastern Asia,2013,52,12/23/2013,12/29/2013,13752,11193,0,1238,1285,0,10,2533,346,23,655,1024,3557,,Regional Outbreak
China,Western Pacific Region of WHO,Eastern Asia,2014,1,12/30/2013,1/5/2014,13519,10751,0,1711,1240,0,6,2957,368,27,678,1073,4030,,Regional Outbreak
China,Western Pacific Region of WHO,Eastern Asia,2014,2,1/6/2014,1/12/2014,14397,10199,0,2067,1039,0,22,3128,276,46,810,1132,4260,,Regional Outbreak
China,Western Pacific Region of WHO,Eastern Asia,2014,3,1/13/2014,1/19/2014,14305,10756,0,2380,962,0,33,3375,355,35,823,1213,4588,,Regional Outbreak
China,Western Pacific Region of WHO,Eastern Asia,2014,4,1/20/2014,1/26/2014,14365,9621,0,2183,813,0,19,3015,149,29,897,1075,4090,,Regional Outbreak
China,Western Pacific Region of WHO,Eastern Asia,2014,5,1/27/2014,2/2/2014,11292,6575,0,1422,518,0,43,1983,173,44,613,830,2813,,Regional Outbreak
China,Western Pacific Region of WHO,Eastern Asia,2014,6,2/3/2014,2/9/2014,12248,8275,0,1583,520,0,8,2111,317,43,644,1004,3115,,Regional Outbreak
China,Western Pacific Region of WHO,Eastern Asia,2014,7,2/10/2014,2/16/2014,12919,9884,0,1510,429,0,9,1948,437,33,559,1029,2977,,Regional Outbreak
China,Western Pacific Region of WHO,Eastern Asia,2014,8,2/17/2014,2/23/2014,13371,9713,0,1372,424,0,5,1801,474,45,628,1147,2948,,Regional Outbreak
China,Western Pacific Region of WHO,Eastern Asia,2014,9,2/24/2014,3/2/2014,13666,10304,0,1263,423,0,4,1690,602,50,669,1321,3011,,Regional Outbreak
China,Western Pacific Region of WHO,Eastern Asia,2014,10,3/3/2014,3/9/2014,12813,9645,0,882,301,0,8,1191,503,54,672,1229,2420,,Regional Outbreak
China,Western Pacific Region of WHO,Eastern Asia,2014,11,3/10/2014,3/16/2014,12547,8715,0,549,268,0,2,819,346,34,801,1181,2000,,Regional Outbreak
China,Western Pacific Region of WHO,Eastern Asia,2014,12,3/17/2014,3/23/2014,12908,9853,0,479,211,0,0,690,548,52,676,1276,1966,,Regional Outbreak
China,Western Pacific Region of WHO,Eastern Asia,2014,13,3/24/2014,3/30/2014,12431,8956,0,345,177,0,3,525,397,51,517,965,1490,,Local Outbreak
China,Western Pacific Region of WHO,Eastern Asia,2014,14,3/31/2014,4/6/2014,9698,6403,0,194,123,0,3,320,186,26,400,612,932,,Local Outbreak
China,Western Pacific Region of WHO,Eastern Asia,2014,15,4/7/2014,4/13/2014,9400,5909,0,137,119,0,4,260,185,19,275,479,739,,Local Outbreak
China,Western Pacific Region of WHO,Eastern Asia,2014,16,4/14/2014,4/20/2014,9268,6491,0,110,104,0,1,215,181,8,164,353,568,,Local Outbreak
China,Western Pacific Region of WHO,Eastern Asia,2014,17,4/21/2014,4/27/2014,8896,5941,0,55,101,0,10,166,153,6,153,312,478,,Local Outbreak
China,Western Pacific Region of WHO,Eastern Asia,2014,18,4/28/2014,5/4/2014,8412,6026,0,37,127,0,3,167,153,6,108,267,434,,Local Outbreak
China,Western Pacific Region of WHO,Eastern Asia,2014,19,5/5/2014,5/11/2014,8801,6514,0,30,169,0,2,201,109,9,81,199,400,,Local Outbreak
China,Western Pacific Region of WHO,Eastern Asia,2014,20,5/12/2014,5/18/2014,8668,6269,0,30,197,0,1,228,69,5,89,163,391,,Local Outbreak
China,Western Pacific Region of WHO,Eastern Asia,2014,21,5/19/2014,5/25/2014,8474,5549,0,11,190,0,2,203,56,4,88,148,351,,Local Outbreak
China,Western Pacific Region of WHO,Eastern Asia,2014,22,5/26/2014,6/1/2014,8355,5273,0,18,288,0,1,307,49,1,64,114,421,,Local Outbreak
China,Western Pacific Region of WHO,Eastern Asia,2014,23,6/2/2014,6/8/2014,8818,6523,0,15,475,0,7,497,82,1,44,127,624,,Local Outbreak
China,Western Pacific Region of WHO,Eastern Asia,2014,24,6/9/2014,6/15/2014,9031,6549,0,27,722,0,2,751,69,3,29,101,852,,Local Outbreak
China,Western Pacific Region of WHO,Eastern Asia,2014,25,6/16/2014,6/22/2014,8768,6104,0,10,639,0,0,649,62,3,45,110,759,,Local Outbreak
China,Western Pacific Region of WHO,Eastern Asia,2014,26,6/23/2014,6/29/2014,8108,5313,0,16,735,0,1,752,34,2,45,81,833,,Local Outbreak
China,Western Pacific Region of WHO,Eastern Asia,2014,27,6/30/2014,7/6/2014,8284,5373,0,5,842,0,6,853,17,1,35,53,906,,Local Outbreak
China,Western Pacific Region of WHO,Eastern Asia,2014,28,7/7/2014,7/13/2014,9017,6937,0,11,1156,0,1,1168,42,3,15,60,1228,,Local Outbreak
China,Western Pacific Region of WHO,Eastern Asia,2014,29,7/14/2014,7/20/2014,8691,6598,0,5,1257,0,1,1263,43,1,18,62,1325,,Local Outbreak
China,Western Pacific Region of WHO,Eastern Asia,2014,30,7/21/2014,7/27/2014,8371,6369,0,4,1282,0,4,1290,27,1,28,56,1346,,Local Outbreak
China,Western Pacific Region of WHO,Eastern Asia,2014,31,7/28/2014,8/3/2014,8112,5912,0,1,1221,0,11,1233,25,0,28,53,1286,,Local Outbreak
China,Western Pacific Region of WHO,Eastern Asia,2014,32,8/4/2014,8/10/2014,8163,5450,0,1,997,0,5,1003,6,0,41,47,1050,,Local Outbreak
China,Western Pacific Region of WHO,Eastern Asia,2014,33,8/11/2014,8/17/2014,7970,5502,0,4,976,0,8,988,16,0,43,59,1047,,Local Outbreak
China,Western Pacific Region of WHO,Eastern Asia,2014,34,8/18/2014,8/24/2014,7955,5953,0,3,882,0,7,892,23,0,36,59,951,,Local Outbreak
China,Western Pacific Region of WHO,Eastern Asia,2014,35,8/25/2014,8/31/2014,8060,6314,0,3,796,0,3,802,62,3,15,80,882,,Local Outbreak
China,Western Pacific Region of WHO,Eastern Asia,2014,36,9/1/2014,9/7/2014,8624,6472,0,3,699,0,2,704,38,1,23,62,766,,Local Outbreak
China,Western Pacific Region of WHO,Eastern Asia,2014,37,9/8/2014,9/14/2014,8558,6320,0,13,558,0,2,573,73,1,18,92,665,,Local Outbreak
China,Western Pacific Region of WHO,Eastern Asia,2014,38,9/15/2014,9/21/2014,8560,5893,0,6,386,0,9,401,71,1,25,97,498,,Local Outbreak
China,Western Pacific Region of WHO,Eastern Asia,2014,39,9/22/2014,9/28/2014,8709,5517,0,4,253,0,5,262,51,1,26,78,340,,Local Outbreak
China,Western Pacific Region of WHO,Eastern Asia,2014,40,9/29/2014,10/5/2014,8862,6777,0,12,231,0,0,243,45,0,23,68,311,,Local Outbreak
China,Western Pacific Region of WHO,Eastern Asia,2014,41,10/6/2014,10/12/2014,10941,8728,0,8,230,0,1,239,39,0,19,58,297,,Local Outbreak
China,Western Pacific Region of WHO,Eastern Asia,2014,42,10/13/2014,10/19/2014,11641,8898,0,10,195,0,0,205,35,0,12,47,252,,Local Outbreak
China,Western Pacific Region of WHO,Eastern Asia,2014,43,10/20/2014,10/26/2014,11561,8004,0,18,192,0,4,214,42,0,18,60,274,,Local Outbreak
China,Western Pacific Region of WHO,Eastern Asia,2014,44,10/27/2014,11/2/2014,11926,9703,0,6,277,0,0,283,30,1,13,44,327,,Local Outbreak
China,Western Pacific Region of WHO,Eastern Asia,2014,45,11/3/2014,11/9/2014,12154,9948,0,5,350,0,1,356,39,1,9,49,405,,Local Outbreak
China,Western Pacific Region of WHO,Eastern Asia,2014,46,11/10/2014,11/16/2014,12026,9941,0,10,483,0,1,494,40,4,8,52,546,,Local Outbreak
China,Western Pacific Region of WHO,Eastern Asia,2014,47,11/17/2014,11/23/2014,12606,9780,0,18,752,0,4,774,67,2,11,80,854,,Local Outbreak
China,Western Pacific Region of WHO,Eastern Asia,2014,48,11/24/2014,11/30/2014,12457,8622,0,25,809,0,3,837,53,1,15,69,906,,Local Outbreak
China,Western Pacific Region of WHO,Eastern Asia,2014,49,12/1/2014,12/7/2014,12756,8952,0,19,1213,0,12,1244,58,1,16,75,1319,,Local Outbreak
China,Western Pacific Region of WHO,Eastern Asia,2014,50,12/8/2014,12/14/2014,13026,9179,0,23,1570,0,3,1596,116,5,19,140,1736,,Local Outbreak
China,Western Pacific Region of WHO,Eastern Asia,2014,51,12/15/2014,12/21/2014,13657,9318,0,9,1952,0,0,1961,184,0,9,193,2154,,Local Outbreak
China,Western Pacific Region of WHO,Eastern Asia,2014,52,12/22/2014,12/28/2014,13647,9193,0,29,2085,0,2,2116,309,9,46,364,2480,,Local Outbreak
China,Western Pacific Region of WHO,Eastern Asia,2015,1,12/29/2014,1/4/2015,13282,8370,0,9,1985,0,6,2000,356,3,41,400,2400,,Local Outbreak
China,Western Pacific Region of WHO,Eastern Asia,2015,2,1/5/2015,1/11/2015,14001,10194,0,25,2620,0,6,2651,635,13,15,663,3314,,Local Outbreak
China,Western Pacific Region of WHO,Eastern Asia,2015,3,1/12/2015,1/18/2015,14681,11088,0,17,2394,0,4,2415,828,14,62,904,3319,,Local Outbreak
China,Western Pacific Region of WHO,Eastern Asia,2015,4,1/19/2015,1/25/2015,15738,11085,0,16,2657,0,16,2689,890,22,69,981,3670,,Local Outbreak
China,Western Pacific Region of WHO,Eastern Asia,2015,5,1/26/2015,2/1/2015,16217,10487,0,24,2747,0,3,2774,833,36,69,938,3712,,Local Outbreak
China,Western Pacific Region of WHO,Eastern Asia,2015,6,2/2/2015,2/8/2015,15712,9912,0,15,2240,0,1,2256,793,16,109,918,3174,,Local Outbreak
China,Western Pacific Region of WHO,Eastern Asia,2015,7,2/9/2015,2/15/2015,15807,9588,0,10,1674,0,1,1685,831,24,131,986,2671,,Local Outbreak
China,Western Pacific Region of WHO,Eastern Asia,2015,8,2/16/2015,2/22/2015,12114,7481,0,13,1267,0,0,1280,675,14,93,782,2062,,Local Outbreak
China,Western Pacific Region of WHO,Eastern Asia,2015,9,2/23/2015,3/1/2015,14534,9067,0,21,1302,0,3,1326,837,22,121,980,2306,,Local Outbreak
China,Western Pacific Region of WHO,Eastern Asia,2015,10,3/2/2015,3/8/2015,14971,10513,0,43,1057,0,0,1100,833,20,115,968,2068,,Local Outbreak
China,Western Pacific Region of WHO,Eastern Asia,2015,11,3/9/2015,3/15/2015,14689,10182,0,35,917,0,0,952,1005,26,144,1175,2127,,Local Outbreak
China,Western Pacific Region of WHO,Eastern Asia,2015,12,3/16/2015,3/22/2015,14847,9276,0,26,770,0,0,796,877,27,230,1134,1930,,Local Outbreak
China,Western Pacific Region of WHO,Eastern Asia,2015,13,3/23/2015,3/29/2015,14213,8803,0,17,587,0,1,605,844,23,251,1118,1723,,Local Outbreak
China,Western Pacific Region of WHO,Eastern Asia,2015,14,3/30/2015,4/5/2015,12127,8804,0,13,369,0,3,385,788,21,148,957,1342,,Local Outbreak
China,Western Pacific Region of WHO,Eastern Asia,2015,15,4/6/2015,4/12/2015,11753,7012,0,20,427,0,0,447,524,35,70,629,1076,,Local Outbreak
China,Western Pacific Region of WHO,Eastern Asia,2015,16,4/13/2015,4/19/2015,10808,6340,0,8,273,0,0,281,431,20,100,551,832,,Local Outbreak
China,Western Pacific Region of WHO,Eastern Asia,2015,17,4/20/2015,4/26/2015,10996,7792,0,9,314,0,0,323,495,17,77,589,912,,Local Outbreak
China,Western Pacific Region of WHO,Eastern Asia,2015,18,4/27/2015,5/3/2015,10446,7348,0,24,270,0,2,296,354,25,79,458,754,,Sporadic
China,Western Pacific Region of WHO,Eastern Asia,2015,19,5/4/2015,5/10/2015,10994,7622,0,19,261,0,2,282,350,26,53,429,711,,Sporadic
China,Western Pacific Region of WHO,Eastern Asia,2015,20,5/11/2015,5/17/2015,10453,7087,0,17,269,0,0,286,272,14,50,336,622,,Sporadic
China,Western Pacific Region of WHO,Eastern Asia,2015,21,5/18/2015,5/24/2015,10201,6631,0,17,370,0,3,390,179,16,61,256,646,,Sporadic
China,Western Pacific Region of WHO,Eastern Asia,2015,22,5/25/2015,5/31/2015,9712,5913,0,12,452,0,2,466,154,8,30,192,658,,Sporadic
China,Western Pacific Region of WHO,Eastern Asia,2015,23,6/1/2015,6/7/2015,10730,7044,0,5,854,0,0,859,179,6,24,209,1068,,Sporadic
China,Western Pacific Region of WHO,Eastern Asia,2015,24,6/8/2015,6/14/2015,11306,6989,0,13,1275,0,0,1288,164,10,27,201,1489,,Local Outbreak
China,Western Pacific Region of WHO,Eastern Asia,2015,25,6/15/2015,6/21/2015,10510,6352,0,13,1662,0,1,1676,162,4,22,188,1864,,Local Outbreak
China,Western Pacific Region of WHO,Eastern Asia,2015,26,6/22/2015,6/28/2015,10918,5754,0,12,1809,0,0,1821,125,6,25,156,1977,,Local Outbreak
China,Western Pacific Region of WHO,Eastern Asia,2015,27,6/29/2015,7/5/2015,10787,10361,0,24,2075,0,7,2106,168,4,39,211,2317,2832,Regional Outbreak
China,Western Pacific Region of WHO,Eastern Asia,2015,28,7/6/2015,7/12/2015,10690,9973,0,20,1793,0,3,1816,135,0,34,169,1985,2742,Local Outbreak
China,Western Pacific Region of WHO,Eastern Asia,2015,29,7/13/2015,7/19/2015,10009,9102,0,11,1511,0,16,1538,76,7,60,143,1681,2710,Local Outbreak
China,Western Pacific Region of WHO,Eastern Asia,2015,30,7/20/2015,7/26/2015,9891,9295,0,4,1526,0,5,1535,110,2,26,138,1673,2500,Local Outbreak
China,Western Pacific Region of WHO,Eastern Asia,2015,31,7/27/2015,8/2/2015,9509,8660,0,4,1474,0,12,1490,86,4,38,128,1618,2606,Local Outbreak
China,Western Pacific Region of WHO,Eastern Asia,2015,32,8/3/2015,8/9/2015,9969,9392,0,8,1263,0,1,1272,84,3,21,108,1380,2703,Local Outbreak
China,Western Pacific Region of WHO,Eastern Asia,2015,33,8/10/2015,8/16/2015,9777,9051,0,4,1048,0,2,1054,87,1,27,115,1169,2729,Local Outbreak
China,Western Pacific Region of WHO,Eastern Asia,2015,34,8/17/2015,8/23/2015,9166,8173,0,2,895,0,0,897,70,2,27,99,996,2455,Local Outbreak
China,Western Pacific Region of WHO,Eastern Asia,2015,35,8/24/2015,8/30/2015,9581,9000,0,7,840,0,0,847,57,1,27,85,932,2623,Local Outbreak
China,Western Pacific Region of WHO,Eastern Asia,2015,36,8/31/2015,9/6/2015,8652,7763,0,3,553,0,1,557,32,0,24,56,613,2436,Local Outbreak
China,Western Pacific Region of WHO,Eastern Asia,2015,37,9/7/2015,9/13/2015,9604,8960,0,0,490,0,0,490,51,1,9,61,551,2601,Sporadic
China,Western Pacific Region of WHO,Eastern Asia,2015,38,9/14/2015,9/20/2015,9883,8794,0,3,315,0,1,319,34,2,16,52,371,2870,Sporadic
China,Western Pacific Region of WHO,Eastern Asia,2015,39,9/21/2015,9/27/2015,9693,9013,0,2,211,0,0,213,35,1,10,46,259,2793,Sporadic
China,Western Pacific Region of WHO,Eastern Asia,2015,40,9/28/2015,10/4/2015,9991,8707,0,3,153,0,0,156,31,3,11,45,201,2641,Sporadic
China,Western Pacific Region of WHO,Eastern Asia,2015,41,10/5/2015,10/11/2015,11826,11173,0,7,171,0,0,178,33,3,15,51,229,2681,Sporadic
China,Western Pacific Region of WHO,Eastern Asia,2015,42,10/12/2015,10/18/2015,13026,12057,0,2,160,0,0,162,37,0,20,57,219,2722,Sporadic
China,Western Pacific Region of WHO,Eastern Asia,2015,43,10/19/2015,10/25/2015,13327,12792,0,10,163,0,0,173,60,4,23,87,260,2864,Sporadic
China,Western Pacific Region of WHO,Eastern Asia,2015,44,10/26/2015,11/1/2015,13160,12614,0,7,107,0,2,116,53,10,15,78,194,2877,Sporadic
China,Western Pacific Region of WHO,Eastern Asia,2015,45,11/2/2015,11/8/2015,13084,12170,0,4,100,0,1,105,75,8,14,97,202,2881,Sporadic
China,Western Pacific Region of WHO,Eastern Asia,2015,46,11/9/2015,11/15/2015,13012,11441,0,13,106,0,0,119,71,6,13,90,209,2764,Sporadic
China,Western Pacific Region of WHO,Eastern Asia,2015,47,11/16/2015,11/22/2015,13354,12350,0,19,132,0,0,151,76,15,24,115,266,12077,Sporadic
China,Western Pacific Region of WHO,Eastern Asia,2015,48,11/23/2015,11/29/2015,12986,11300,0,36,140,0,0,176,86,24,27,137,313,10979,Sporadic
China,Western Pacific Region of WHO,Eastern Asia,2015,49,11/30/2015,12/6/2015,10501,7910,0,28,72,0,0,100,53,7,20,80,180,7716,Sporadic
China,Western Pacific Region of WHO,Eastern Asia,2015,50,12/7/2015,12/13/2015,14121,13347,0,139,229,0,3,371,107,54,45,206,577,12756,Sporadic
China,Western Pacific Region of WHO,Eastern Asia,2015,51,12/14/2015,12/20/2015,14289,13147,0,260,286,0,0,546,138,72,65,275,821,12315,Sporadic
China,Western Pacific Region of WHO,Eastern Asia,2015,52,12/21/2015,12/27/2015,14379,13885,0,378,369,0,2,749,171,151,86,408,1157,12712,Sporadic
China,Western Pacific Region of WHO,Eastern Asia,2015,53,12/28/2015,1/3/2016,13852,13059,0,487,400,0,4,891,209,205,114,528,1419,11618,Local Outbreak
China,Western Pacific Region of WHO,Eastern Asia,2016,1,1/4/2016,1/10/2016,14850,13072,0,1722,512,0,9,2243,229,216,184,629,2872,10175,Local Outbreak
China,Western Pacific Region of WHO,Eastern Asia,2016,2,1/11/2016,1/17/2016,15077,14659,0,984,667,0,0,1651,271,467,185,923,2574,12070,Local Outbreak
China,Western Pacific Region of WHO,Eastern Asia,2016,3,1/18/2016,1/24/2016,15705,14938,0,1151,726,0,3,1880,351,610,280,1241,3121,11807,Local Outbreak
China,Western Pacific Region of WHO,Eastern Asia,2016,4,1/25/2016,1/31/2016,15623,14098,0,1185,617,0,17,1819,259,652,409,1320,3139,10938,Local Outbreak
China,Western Pacific Region of WHO,Eastern Asia,2016,5,2/1/2016,2/7/2016,13923,11817,0,1223,448,0,20,1691,188,410,475,1073,2764,9020,Regional Outbreak
China,Western Pacific Region of WHO,Eastern Asia,2016,6,2/8/2016,2/14/2016,13636,12187,0,1577,435,0,24,2036,184,465,461,1110,3146,9004,Regional Outbreak
China,Western Pacific Region of WHO,Eastern Asia,2016,7,2/15/2016,2/21/2016,16518,14813,0,1716,559,0,14,2289,265,764,673,1702,3991,10777,Regional Outbreak
China,Western Pacific Region of WHO,Eastern Asia,2016,8,2/22/2016,2/28/2016,16784,15815,0,1836,489,0,24,2349,377,1054,671,2102,4451,11325,Regional Outbreak
China,Western Pacific Region of WHO,Eastern Asia,2016,9,2/29/2016,3/6/2016,17011,15186,0,1620,381,0,3,2004,304,1191,994,2489,4493,10660,Regional Outbreak
China,Western Pacific Region of WHO,Eastern Asia,2016,10,3/7/2016,3/13/2016,16502,14681,0,1337,248,0,11,1596,330,1540,1095,2965,4561,10089,Regional Outbreak
China,Western Pacific Region of WHO,Eastern Asia,2016,11,3/14/2016,3/20/2016,16875,16470,0,1232,217,0,0,1449,384,2388,922,3694,5143,11317,Regional Outbreak
China,Western Pacific Region of WHO,Eastern Asia,2016,12,3/21/2016,3/27/2016,16795,16245,0,1217,189,0,0,1406,342,2288,933,3563,4969,11236,Regional Outbreak
China,Western Pacific Region of WHO,Eastern Asia,2016,13,3/28/2016,4/3/2016,15008,14117,0,926,113,0,4,1043,233,1927,777,2937,3980,10119,Regional Outbreak
China,Western Pacific Region of WHO,Eastern Asia,2016,14,4/4/2016,4/10/2016,12482,11107,0,719,66,0,1,786,151,1178,617,1946,2732,8352,Regional Outbreak
China,Western Pacific Region of WHO,Eastern Asia,2016,15,4/11/2016,4/17/2016,11789,11141,0,709,67,0,0,776,156,1056,419,1631,2407,8710,Regional Outbreak
China,Western Pacific Region of WHO,Eastern Asia,2016,16,4/18/2016,4/24/2016,11603,10500,0,515,57,0,0,572,114,727,430,1271,1843,8632,Regional Outbreak
China,Western Pacific Region of WHO,Eastern Asia,2016,17,4/25/2016,5/1/2016,11047,10083,0,417,47,0,3,467,97,572,423,1092,1559,8509,Regional Outbreak
China,Western Pacific Region of WHO,Eastern Asia,2016,18,5/2/2016,5/8/2016,11061,10034,0,299,34,0,0,333,76,456,269,801,1134,8876,Regional Outbreak
China,Western Pacific Region of WHO,Eastern Asia,2016,19,5/9/2016,5/15/2016,10563,9628,0,182,25,0,1,208,88,344,206,638,846,8768,Local Outbreak
China,Western Pacific Region of WHO,Eastern Asia,2016,20,5/16/2016,5/22/2016,11512,10682,0,163,24,0,0,187,83,280,233,596,783,9872,Local Outbreak
China,Western Pacific Region of WHO,Eastern Asia,2016,21,5/23/2016,5/29/2016,10786,10236,0,87,23,0,0,110,89,293,106,488,598,9614,Sporadic
China,Western Pacific Region of WHO,Eastern Asia,2016,22,5/30/2016,6/5/2016,10736,9538,0,69,32,0,1,102,55,184,67,306,408,9116,Sporadic
China,Western Pacific Region of WHO,Eastern Asia,2016,23,6/6/2016,6/12/2016,10224,9694,0,57,17,0,1,75,68,196,54,318,393,9290,Sporadic
China,Western Pacific Region of WHO,Eastern Asia,2016,24,6/13/2016,6/19/2016,10170,9104,0,15,41,0,1,57,34,123,34,191,248,8843,Sporadic
China,Western Pacific Region of WHO,Eastern Asia,2016,25,6/20/2016,6/26/2016,10374,9415,0,24,56,0,0,80,44,91,33,168,248,9160,Sporadic
China,Western Pacific Region of WHO,Eastern Asia,2016,26,6/27/2016,7/3/2016,9647,8683,0,18,113,0,0,131,44,71,47,162,293,8377,Sporadic
China,Western Pacific Region of WHO,Eastern Asia,2016,27,7/4/2016,7/10/2016,9993,9180,0,12,83,0,0,95,32,65,29,126,221,8955,Sporadic
China,Western Pacific Region of WHO,Eastern Asia,2016,28,7/11/2016,7/17/2016,10055,9169,0,16,97,0,1,114,21,61,25,107,221,8939,Sporadic
China,Western Pacific Region of WHO,Eastern Asia,2016,29,7/18/2016,7/24/2016,9905,8938,0,7,129,0,0,136,22,41,28,91,227,8706,Sporadic
China,Western Pacific Region of WHO,Eastern Asia,2016,30,7/25/2016,7/31/2016,9723,8802,0,17,122,0,0,139,27,30,28,85,224,8573,Sporadic
China,Western Pacific Region of WHO,Eastern Asia,2016,31,8/1/2016,8/7/2016,9910,9320,0,14,151,0,1,166,16,38,17,71,237,9077,Sporadic
China,Western Pacific Region of WHO,Eastern Asia,2016,32,8/8/2016,8/14/2016,9743,8780,0,7,171,0,1,179,15,45,11,71,250,8528,Sporadic
China,Western Pacific Region of WHO,Eastern Asia,2016,33,8/15/2016,8/21/2016,9334,8457,0,7,209,0,0,216,16,27,12,55,271,8184,Sporadic
China,Western Pacific Region of WHO,Eastern Asia,2016,34,8/22/2016,8/28/2016,9746,8819,0,8,369,0,4,381,12,30,15,57,438,8376,Sporadic
China,Western Pacific Region of WHO,Eastern Asia,2016,35,8/29/2016,9/4/2016,9733,9185,0,9,383,0,0,392,17,25,11,53,445,8738,Sporadic
China,Western Pacific Region of WHO,Eastern Asia,2016,36,9/5/2016,9/11/2016,9808,8566,0,10,431,0,0,441,5,12,6,23,464,8099,Sporadic
China,Western Pacific Region of WHO,Eastern Asia,2016,37,9/12/2016,9/18/2016,9858,9724,0,10,767,0,1,778,6,19,10,35,813,8910,Local Outbreak
China,Western Pacific Region of WHO,Eastern Asia,2016,38,9/19/2016,9/25/2016,10882,10539,0,17,870,0,0,887,6,11,3,20,907,9630,Local Outbreak
China,Western Pacific Region of WHO,Eastern Asia,2016,39,9/26/2016,10/2/2016,10533,9856,0,4,746,0,1,751,7,12,3,22,773,9083,Local Outbreak
China,Western Pacific Region of WHO,Eastern Asia,2016,40,10/3/2016,10/9/2016,12062,10812,0,7,807,0,2,816,4,9,4,17,833,9978,Local Outbreak
China,Western Pacific Region of WHO,Eastern Asia,2016,41,10/10/2016,10/16/2016,12964,11435,0,10,774,0,16,800,5,17,4,26,826,10607,Local Outbreak
China,Western Pacific Region of WHO,Eastern Asia,2016,42,10/17/2016,10/23/2016,13647,13411,0,4,984,0,3,991,17,13,5,35,1026,12383,Local Outbreak
China,Western Pacific Region of WHO,Eastern Asia,2016,43,10/24/2016,10/30/2016,13829,13099,0,13,1089,0,11,1113,14,6,7,27,1140,11957,Local Outbreak
China,Western Pacific Region of WHO,Eastern Asia,2016,44,10/31/2016,11/6/2016,13831,12281,0,4,1112,0,37,1153,13,6,4,23,1176,11100,Local Outbreak
China,Western Pacific Region of WHO,Eastern Asia,2016,45,11/7/2016,11/13/2016,14130,13402,0,6,1413,0,3,1422,7,11,4,22,1444,11955,Local Outbreak
China,Western Pacific Region of WHO,Eastern Asia,2016,46,11/14/2016,11/20/2016,14050,12522,0,1,1419,0,24,1444,7,14,7,28,1472,11050,Local Outbreak
China,Western Pacific Region of WHO,Eastern Asia,2016,47,11/21/2016,11/27/2016,14451,13655,0,13,1519,0,3,1535,11,17,7,35,1570,12079,Local Outbreak
China,Western Pacific Region of WHO,Eastern Asia,2016,48,11/28/2016,12/4/2016,14143,12690,0,11,1694,0,7,1712,4,14,11,29,1741,10944,Local Outbreak
China,Western Pacific Region of WHO,Eastern Asia,2016,49,12/5/2016,12/11/2016,14864,13974,0,14,2089,0,1,2104,4,8,5,17,2121,11849,Regional Outbreak
China,Western Pacific Region of WHO,Eastern Asia,2016,50,12/12/2016,12/18/2016,14958,13114,0,30,1986,0,19,2035,6,25,8,39,2074,11037,Regional Outbreak
China,Western Pacific Region of WHO,Eastern Asia,2016,51,12/19/2016,12/25/2016,14761,13205,0,48,2270,0,4,2322,8,16,4,28,2350,10854,Regional Outbreak
China,Western Pacific Region of WHO,Eastern Asia,2016,52,12/26/2016,1/1/2017,12592,10038,0,64,1615,0,10,1689,3,19,1,23,1712,8321,Regional Outbreak
China,Western Pacific Region of WHO,Eastern Asia,2017,1,1/2/2017,1/8/2017,15036,14964,0,152,2459,0,0,2611,26,33,2,61,2672,12283,Regional Outbreak
China,Western Pacific Region of WHO,Eastern Asia,2017,2,1/9/2017,1/15/2017,15583,15375,0,184,2297,0,0,2481,28,36,27,91,2572,12792,Regional Outbreak
China,Western Pacific Region of WHO,Eastern Asia,2017,3,1/16/2017,1/22/2017,15619,15160,0,213,2066,0,0,2279,17,27,9,53,2332,12825,Regional Outbreak
China,Western Pacific Region of WHO,Eastern Asia,2017,4,1/23/2017,1/29/2017,13068,12521,0,278,1453,0,0,1731,15,37,12,64,1795,10719,Regional Outbreak
China,Western Pacific Region of WHO,Eastern Asia,2017,5,1/30/2017,2/5/2017,14027,13456,0,318,1437,0,0,1755,18,49,15,82,1837,11610,Regional Outbreak
China,Western Pacific Region of WHO,Eastern Asia,2017,6,2/6/2017,2/12/2017,15039,13950,0,332,1322,0,2,1656,20,47,14,81,1737,12207,Regional Outbreak
China,Western Pacific Region of WHO,Eastern Asia,2017,7,2/13/2017,2/19/2017,14404,12043,0,350,1068,0,0,1418,18,48,17,83,1501,10538,Local Outbreak
China,Western Pacific Region of WHO,Eastern Asia,2017,8,2/20/2017,2/26/2017,15760,15613,,609,1233,0,6,1848,37,73,15,125,1973,13635,Local Outbreak
China,Western Pacific Region of WHO,Eastern Asia,2017,9,2/27/2017,3/5/2017,15758,15425,,820,995,0,0,1815,49,133,12,194,2009,13408,Regional Outbreak
China,Western Pacific Region of WHO,Eastern Asia,2017,10,3/6/2017,3/12/2017,15779,15012,,948,791,0,1,1740,62,164,16,242,1982,13024,Regional Outbreak
China,Western Pacific Region of WHO,Eastern Asia,2017,11,3/13/2017,3/19/2017,15513,14185,0,944,589,0,2,1535,61,237,22,320,1855,12319,Regional Outbreak
China,Western Pacific Region of WHO,Eastern Asia,2017,12,3/20/2017,3/26/2017,13112,10227,0,623,363,0,2,988,39,200,21,260,1248,8972,Regional Outbreak
China,Western Pacific Region of WHO,Eastern Asia,2017,13,3/27/2017,4/2/2017,15117,14184,0,906,348,,6,1260,70,332,38,440,1700,12481,Regional Outbreak
China,Western Pacific Region of WHO,Eastern Asia,2017,14,4/3/2017,4/9/2017,11368,10242,0,500,245,,5,750,44,274,34,352,1102,9128,Regional Outbreak
China,Western Pacific Region of WHO,Eastern Asia,2017,15,4/10/2017,4/16/2017,12324,11972,0,580,259,0,0,839,63,316,23,402,1241,10720,Regional Outbreak
China,Western Pacific Region of WHO,Eastern Asia,2017,16,4/17/2017,4/23/2017,10726,9804,0,414,227,0,3,644,49,279,31,359,1003,8784,Regional Outbreak
China,Western Pacific Region of WHO,Eastern Asia,2017,17,4/24/2017,4/30/2017,11323,11136,0,539,294,0,4,837,37,250,44,331,1168,9957,Local Outbreak
China,Western Pacific Region of WHO,Eastern Asia,2017,18,5/1/2017,5/7/2017,11512,11035,0,447,298,0,1,746,36,251,65,352,1098,9928,Local Outbreak
China,Western Pacific Region of WHO,Eastern Asia,2017,19,5/8/2017,5/14/2017,12092,11748,0,342,377,0,3,722,37,217,61,315,1037,10702,Local Outbreak
China,Western Pacific Region of WHO,Eastern Asia,2017,20,5/15/2017,5/21/2017,12077,11708,0,415,496,0,2,913,39,180,41,260,1173,10531,Local Outbreak
China,Western Pacific Region of WHO,Eastern Asia,2017,21,5/22/2017,5/28/2017,11486,11145,0,293,536,0,3,832,25,146,60,231,1063,10066,Local Outbreak
China,Western Pacific Region of WHO,Eastern Asia,2017,22,5/29/2017,6/4/2017,11488,11023,0,258,607,0,0,865,17,83,55,155,1020,9992,Regional Outbreak
China,Western Pacific Region of WHO,Eastern Asia,2017,23,6/5/2017,6/11/2017,11861,11391,0,223,603,0,1,827,25,91,31,147,974,10406,Regional Outbreak
China,Western Pacific Region of WHO,Eastern Asia,2017,24,6/12/2017,6/18/2017,11698,11533,0,193,702,0,2,897,28,88,34,150,1047,10470,Regional Outbreak
China,Western Pacific Region of WHO,Eastern Asia,2017,25,6/19/2017,6/25/2017,11490,11207,,167,1007,0,0,1174,20,60,37,117,1291,9907,Regional Outbreak
China,Western Pacific Region of WHO,Eastern Asia,2017,26,6/26/2017,7/2/2017,12101,11868,,223,1726,0,0,1949,47,69,21,137,2086,9772,Regional Outbreak
China,Western Pacific Region of WHO,Eastern Asia,2017,27,7/3/2017,7/9/2017,13507,13329,,234,2512,0,0,2746,25,44,71,140,2886,10427,Widespread Outbreak
China,Western Pacific Region of WHO,Eastern Asia,2017,28,7/10/2017,7/16/2017,13732,13235,,227,3287,0,2,3516,9,48,90,147,3663,9554,Widespread Outbreak
China,Western Pacific Region of WHO,Eastern Asia,2017,29,7/17/2017,7/23/2017,13766,13408,,172,3545,0,8,3725,58,48,30,136,3861,9526,Widespread Outbreak
China,Western Pacific Region of WHO,Eastern Asia,2017,30,7/24/2017,7/30/2017,13501,13195,,112,3399,0,2,3513,50,52,26,128,3641,9544,Widespread Outbreak
China,Western Pacific Region of WHO,Eastern Asia,2017,31,7/31/2017,8/6/2017,12515,12103,,70,2470,0,0,2540,38,35,19,92,2632,9464,Regional Outbreak
China,Western Pacific Region of WHO,Eastern Asia,2017,32,8/7/2017,8/13/2017,12239,11828,,54,2101,0,5,2160,35,33,23,91,2251,9565,Regional Outbreak
China,Western Pacific Region of WHO,Eastern Asia,2017,33,8/14/2017,8/20/2017,11826,11668,,88,1936,0,1,2025,58,15,19,92,2117,9545,Local Outbreak
China,Western Pacific Region of WHO,Eastern Asia,2017,34,8/21/2017,8/27/2017,11080,10786,,50,1721,0,0,1771,46,18,34,98,1869,8915,Local Outbreak
China,Western Pacific Region of WHO,Eastern Asia,2017,35,8/28/2017,9/3/2017,10702,10465,,44,1572,0,2,1618,58,25,15,98,1716,8744,Sporadic
China,Western Pacific Region of WHO,Eastern Asia,2017,36,9/4/2017,9/10/2017,10910,10446,,51,1304,0,10,1365,64,28,13,105,1470,8972,Sporadic
China,Western Pacific Region of WHO,Eastern Asia,2017,37,9/11/2017,9/17/2017,11499,11066,,37,1320,0,8,1365,81,34,22,137,1502,9558,Sporadic
China,Western Pacific Region of WHO,Eastern Asia,2017,38,9/18/2017,9/24/2017,11366,11149,,25,925,0,12,962,99,28,14,141,1103,10039,Sporadic
China,Western Pacific Region of WHO,Eastern Asia,2017,39,9/25/2017,10/1/2017,11492,11121,,33,810,0,4,847,77,27,22,126,973,10143,Sporadic
China,Western Pacific Region of WHO,Eastern Asia,2017,40,10/2/2017,10/8/2017,10929,10417,,21,495,0,0,516,54,17,15,86,602,9807,Sporadic
China,Western Pacific Region of WHO,Eastern Asia,2017,41,10/9/2017,10/15/2017,14402,14032,,21,721,0,0,742,98,46,14,158,900,13126,Sporadic
China,Western Pacific Region of WHO,Eastern Asia,2017,42,10/16/2017,10/22/2017,14363,13913,,26,638,0,4,668,148,41,25,214,882,13026,Sporadic
China,Western Pacific Region of WHO,Eastern Asia,2017,43,10/23/2017,10/29/2017,14383,14167,,45,559,0,0,604,250,52,25,327,931,13233,Sporadic
China,Western Pacific Region of WHO,Eastern Asia,2017,44,10/30/2017,11/5/2017,15045,14412,,41,461,0,1,503,280,82,23,385,888,13520,Sporadic
China,Western Pacific Region of WHO,Eastern Asia,2017,45,11/6/2017,11/12/2017,14861,14435,,78,408,0,16,502,430,127,50,607,1109,13315,Sporadic
China,Western Pacific Region of WHO,Eastern Asia,2017,46,11/13/2017,11/19/2017,14831,14396,,87,386,0,0,473,561,165,45,771,1244,13142,Sporadic
China,Western Pacific Region of WHO,Eastern Asia,2017,47,11/20/2017,11/26/2017,14989,14487,,186,423,0,5,614,779,201,69,1049,1663,12808,Sporadic
China,Western Pacific Region of WHO,Eastern Asia,2017,48,11/27/2017,12/3/2017,15866,15602,,315,567,0,4,886,1322,312,91,1725,2611,12976,Local Outbreak
China,Western Pacific Region of WHO,Eastern Asia,2017,49,12/4/2017,12/10/2017,16265,15691,,490,659,0,2,1151,1683,303,124,2110,3261,12420,Regional Outbreak
China,Western Pacific Region of WHO,Eastern Asia,2017,50,12/11/2017,12/17/2017,16951,16461,,783,753,0,1,1537,2264,379,112,2755,4292,12148,Regional Outbreak
China,Western Pacific Region of WHO,Eastern Asia,2017,51,12/18/2017,12/24/2017,16979,16247,,1070,704,0,1,1775,2667,437,144,3248,5023,11187,Regional Outbreak
China,Western Pacific Region of WHO,Eastern Asia,2017,52,12/25/2017,12/31/2017,16852,16218,,1363,642,0,0,2005,2697,386,344,3427,5432,10763,Regional Outbreak
China,Western Pacific Region of WHO,Eastern Asia,2018,1,1/1/2018,1/7/2018,17260,16737,,1897,649,0,8,2554,2708,386,522,3616,6170,10545,Regional Outbreak
China,Western Pacific Region of WHO,Eastern Asia,2018,2,1/8/2018,1/14/2018,18666,18151,,2596,561,0,8,3165,2678,381,625,3684,6849,11277,Regional Outbreak
China,Western Pacific Region of WHO,Eastern Asia,2018,3,1/15/2018,1/21/2018,21234,20387,,3142,579,0,0,3721,2505,302,1274,4081,7802,12547,Regional Outbreak
China,Western Pacific Region of WHO,Eastern Asia,2018,4,1/22/2018,1/28/2018,20504,20239,,3106,439,0,0,3545,1944,278,1575,3797,7342,12862,Regional Outbreak
China,Western Pacific Region of WHO,Eastern Asia,2018,5,1/29/2018,2/4/2018,19700,19359,,2874,338,0,0,3212,1614,191,1438,3243,6455,12865,Regional Outbreak
China,Western Pacific Region of WHO,Eastern Asia,2018,6,2/5/2018,2/11/2018,20254,19852,,2710,317,0,8,3035,1344,124,1528,2996,6031,13783,Regional Outbreak
China,Western Pacific Region of WHO,Eastern Asia,2018,7,2/12/2018,2/18/2018,17231,16562,,1725,236,0,1,1962,954,74,1818,2846,4808,11738,Regional Outbreak
China,Western Pacific Region of WHO,Eastern Asia,2018,8,2/19/2018,2/25/2018,17157,16861,,2024,217,0,8,2249,990,67,1404,2461,4710,12130,Regional Outbreak
China,Western Pacific Region of WHO,Eastern Asia,2018,9,2/26/2018,3/4/2018,18208,17806,,1552,171,0,1,1724,749,77,989,1815,3539,14230,Regional Outbreak
China,Western Pacific Region of WHO,Eastern Asia,2018,10,3/5/2018,3/11/2018,17480,17341,,1543,155,0,13,1711,741,76,652,1469,3180,14147,Regional Outbreak
China,Western Pacific Region of WHO,Eastern Asia,2018,11,3/12/2018,3/18/2018,16724,16347,,1241,113,0,2,1356,560,48,372,980,2336,13997,Local Outbreak
China,Western Pacific Region of WHO,Eastern Asia,2018,12,3/19/2018,3/25/2018,16358,15879,,895,89,0,0,984,391,38,212,641,1625,14235,Local Outbreak
China,Western Pacific Region of WHO,Eastern Asia,2018,13,3/26/2018,4/1/2018,16049,15740,,602,70,0,3,675,272,26,117,415,1090,14626,Local Outbreak
China,Western Pacific Region of WHO,Eastern Asia,2018,14,4/2/2018,4/8/2018,11162,10757,,359,38,0,1,398,124,14,51,189,587,10154,Sporadic
China,Western Pacific Region of WHO,Eastern Asia,2018,15,4/9/2018,4/15/2018,11730,11471,,296,33,0,1,330,114,19,29,162,492,10967,Sporadic
China,Western Pacific Region of WHO,Eastern Asia,2018,16,4/16/2018,4/22/2018,11541,11493,,233,26,0,1,260,69,21,16,106,366,11120,Sporadic
China,Western Pacific Region of WHO,Eastern Asia,2018,17,4/23/2018,4/29/2018,11105,10984,,211,29,0,0,240,47,12,10,69,309,10674,Sporadic
China,Western Pacific Region of WHO,Eastern Asia,2018,18,4/30/2018,5/6/2018,10758,10391,,163,23,0,0,186,32,21,9,62,248,10137,Sporadic
China,Western Pacific Region of WHO,Eastern Asia,2018,19,5/7/2018,5/13/2018,11047,10708,,127,21,0,0,148,33,9,8,50,198,10505,Sporadic
China,Western Pacific Region of WHO,Eastern Asia,2018,20,5/14/2018,5/20/2018,11331,11194,,119,17,0,1,137,15,11,13,39,176,11012,Sporadic
China,Western Pacific Region of WHO,Eastern Asia,2018,21,5/21/2018,5/27/2018,11052,10591,,99,23,0,1,123,10,12,9,31,154,10426,Sporadic
China,Western Pacific Region of WHO,Eastern Asia,2018,22,5/28/2018,6/3/2018,10639,10278,,94,17,0,0,111,29,10,2,41,152,10113,Sporadic
China,Western Pacific Region of WHO,Eastern Asia,2018,23,6/4/2018,6/10/2018,10728,10428,,88,16,0,0,104,8,4,3,15,119,10302,Sporadic
China,Western Pacific Region of WHO,Eastern Asia,2018,24,6/11/2018,6/17/2018,10428,10120,,110,9,0,0,119,7,2,6,15,134,9977,Sporadic
China,Western Pacific Region of WHO,Eastern Asia,2018,25,6/18/2018,6/24/2018,10440,10139,,107,12,0,1,120,24,7,0,31,151,9983,Sporadic
China,Western Pacific Region of WHO,Eastern Asia,2018,26,6/25/2018,7/1/2018,10635,10196,,66,12,0,0,78,7,2,3,12,90,10097,Sporadic
China,Western Pacific Region of WHO,Eastern Asia,2018,27,7/2/2018,7/8/2018,10533,10434,,83,38,0,0,121,20,8,8,36,157,10274,Sporadic
China,Western Pacific Region of WHO,Eastern Asia,2018,28,7/9/2018,7/15/2018,10398,10100,,139,21,0,0,160,8,3,3,14,174,9922,Sporadic
China,Western Pacific Region of WHO,Eastern Asia,2018,29,7/16/2018,7/22/2018,10778,10495,,140,20,0,0,160,8,2,4,14,174,10314,Sporadic
China,Western Pacific Region of WHO,Eastern Asia,2018,30,7/23/2018,7/29/2018,10244,10027,,132,20,0,0,152,1,3,2,6,158,9867,Sporadic
China,Western Pacific Region of WHO,Eastern Asia,2018,31,7/30/2018,8/5/2018,10177,9800,,111,4,0,0,115,2,5,0,7,122,9673,Sporadic
China,Western Pacific Region of WHO,Eastern Asia,2018,32,8/6/2018,8/12/2018,10677,10320,,92,19,0,0,111,3,1,2,6,117,10200,Sporadic
China,Western Pacific Region of WHO,Eastern Asia,2018,33,8/13/2018,8/19/2018,10511,10199,,132,30,0,0,162,6,0,1,7,169,10028,Sporadic
China,Western Pacific Region of WHO,Eastern Asia,2018,34,8/20/2018,8/26/2018,10510,10228,,123,24,0,0,147,2,2,0,4,151,10076,Sporadic
China,Western Pacific Region of WHO,Eastern Asia,2018,35,8/27/2018,9/2/2018,10361,10126,,105,46,0,0,151,0,3,0,3,154,9968,Sporadic
China,Western Pacific Region of WHO,Eastern Asia,2018,36,9/3/2018,9/9/2018,10526,9932,,112,69,0,0,181,2,2,3,7,188,9741,Sporadic
China,Western Pacific Region of WHO,Eastern Asia,2018,37,9/10/2018,9/16/2018,19283,18970,,269,191,0,0,460,2,0,0,2,462,18505,Sporadic
China,Western Pacific Region of WHO,Eastern Asia,2018,38,9/17/2018,9/23/2018,10449,10302,,132,46,0,0,178,3,0,2,5,183,10118,Sporadic
China,Western Pacific Region of WHO,Eastern Asia,2018,39,9/24/2018,9/30/2018,10623,10315,,142,52,0,0,194,2,2,1,5,199,10114,Sporadic
China,Western Pacific Region of WHO,Eastern Asia,2018,40,10/1/2018,10/7/2018,11963,11866,,147,30,0,0,177,4,3,2,9,186,11680,Sporadic
China,Western Pacific Region of WHO,Eastern Asia,2018,41,10/8/2018,10/14/2018,14114,13886,,126,31,0,0,157,3,3,0,6,163,13722,Sporadic
China,Western Pacific Region of WHO,Eastern Asia,2018,42,10/15/2018,10/21/2018,14547,14438,,124,32,0,0,156,2,0,2,4,160,14277,Sporadic
China,Western Pacific Region of WHO,Eastern Asia,2018,43,10/22/2018,10/28/2018,14687,14255,,177,29,0,0,206,7,6,0,13,219,14035,Sporadic
China,Western Pacific Region of WHO,Eastern Asia,2018,44,10/29/2018,11/4/2018,14905,14716,,248,48,0,1,297,11,4,0,15,312,14401,Sporadic
China,Western Pacific Region of WHO,Eastern Asia,2018,45,11/5/2018,11/11/2018,15227,14808,,295,80,0,0,375,5,11,2,18,393,14412,Sporadic
China,Western Pacific Region of WHO,Eastern Asia,2018,46,11/12/2018,11/18/2018,15611,15294,,376,60,0,4,440,8,6,2,16,456,14835,Sporadic
China,Western Pacific Region of WHO,Eastern Asia,2018,47,11/19/2018,11/25/2018,15651,15226,,608,69,0,0,677,4,4,6,14,691,14534,Sporadic
China,Western Pacific Region of WHO,Eastern Asia,2018,48,11/26/2018,12/2/2018,16440,16023,,885,93,0,1,979,8,10,8,26,1005,15010,Sporadic
China,Western Pacific Region of WHO,Eastern Asia,2018,49,12/3/2018,12/9/2018,16862,16446,,1049,149,0,2,1200,5,4,3,12,1212,15228,Sporadic
China,Western Pacific Region of WHO,Eastern Asia,2018,50,12/10/2018,12/16/2018,16922,16376,,1434,171,0,2,1607,8,15,3,26,1633,14737,Local Outbreak
China,Western Pacific Region of WHO,Eastern Asia,2018,51,12/17/2018,12/23/2018,18226,17880,,2431,312,0,2,2745,2,19,4,25,2770,15099,Local Outbreak
China,Western Pacific Region of WHO,Eastern Asia,2018,52,12/24/2018,12/30/2018,18401,17534,,3090,462,0,2,3554,2,17,2,21,3575,13951,Local Outbreak
China,Western Pacific Region of WHO,Eastern Asia,2019,1,12/31/2018,1/6/2019,22903,19006,,1313,4444,,,5757,2,1551,17,1570,7327,4849,Regional Outbreak
China,Western Pacific Region of WHO,Eastern Asia,2019,2,1/7/2019,1/13/2019,21516,21126,,6128,938,0,7,7073,7,44,15,66,7139,13988,Regional Outbreak
China,Western Pacific Region of WHO,Eastern Asia,2019,3,1/14/2019,1/20/2019,22271,21809,,7144,1183,0,17,8344,2,62,18,82,8426,13387,Regional Outbreak
China,Western Pacific Region of WHO,Eastern Asia,2019,4,1/21/2019,1/27/2019,22232,21729,,6519,1205,0,20,7744,1,75,12,88,7832,13905,Regional Outbreak
China,Western Pacific Region of WHO,Eastern Asia,2019,5,1/28/2019,2/3/2019,19427,18874,,5093,1117,0,29,6239,3,73,27,103,6342,12530,Regional Outbreak
China,Western Pacific Region of WHO,Eastern Asia,2019,6,2/4/2019,2/10/2019,14921,14569,,3021,883,0,1,3905,9,84,8,101,4006,10564,Regional Outbreak
China,Western Pacific Region of WHO,Eastern Asia,2019,7,2/11/2019,2/17/2019,18486,18251,,3590,1098,0,0,4688,11,148,15,174,4862,13391,Regional Outbreak
China,Western Pacific Region of WHO,Eastern Asia,2019,8,2/18/2019,2/24/2019,17908,17397,,2871,1083,0,0,3954,11,185,21,217,4171,13224,Local Outbreak
China,Western Pacific Region of WHO,Eastern Asia,2019,9,2/25/2019,3/3/2019,18088,17766,,2569,1414,0,5,3988,18,370,23,411,4399,13363,Local Outbreak
China,Western Pacific Region of WHO,Eastern Asia,2019,10,3/4/2019,3/10/2019,17968,17555,,2035,1570,0,0,3605,8,772,36,816,4421,13131,Local Outbreak
China,Western Pacific Region of WHO,Eastern Asia,2019,11,3/11/2019,3/17/2019,17770,17445,,1517,1597,0,1,3115,35,1280,34,1349,4464,13243,Local Outbreak
China,Western Pacific Region of WHO,Eastern Asia,2019,12,3/18/2019,3/24/2019,18288,17967,,1001,1312,0,2,2315,32,1742,39,1813,4128,13836,Local Outbreak
China,Western Pacific Region of WHO,Eastern Asia,2019,13,3/25/2019,3/31/2019,17707,17401,,633,1176,0,8,1817,41,2077,92,2210,4027,13372,Local Outbreak
China,Western Pacific Region of WHO,Eastern Asia,2019,14,4/1/2019,4/7/2019,11603,10532,,298,558,0,1,857,8,1053,62,1123,1980,8551,Local Outbreak
China,Western Pacific Region of WHO,Eastern Asia,2019,15,4/8/2019,4/14/2019,14405,14342,,238,584,0,0,822,25,1776,73,1874,2696,11644,Local Outbreak
China,Western Pacific Region of WHO,Eastern Asia,2019,16,4/15/2019,4/21/2019,13687,13561,,183,460,0,0,643,15,1702,70,1787,2430,11124,Local Outbreak
China,Western Pacific Region of WHO,Eastern Asia,2019,17,4/22/2019,4/28/2019,12517,12153,,118,398,0,2,518,16,1483,127,1626,2144,10006,Local Outbreak
China,Western Pacific Region of WHO,Eastern Asia,2019,18,4/29/2019,5/5/2019,11665,11411,,112,273,0,0,385,6,1073,131,1210,1595,9816,Local Outbreak
China,Western Pacific Region of WHO,Eastern Asia,2019,19,5/6/2019,5/12/2019,12744,12392,,79,229,0,0,308,11,1226,91,1328,1636,10751,Local Outbreak
China,Western Pacific Region of WHO,Eastern Asia,2019,20,5/13/2019,5/19/2019,12850,12829,,79,245,0,0,324,13,1236,202,1451,1775,11053,Local Outbreak
China,Western Pacific Region of WHO,Eastern Asia,2019,21,5/20/2019,5/26/2019,12613,12572,,94,232,0,0,326,7,1138,192,1337,1663,10905,Local Outbreak
China,Western Pacific Region of WHO,Eastern Asia,2019,22,5/27/2019,6/2/2019,11926,11716,,53,167,0,0,220,9,971,143,1123,1343,10364,Local Outbreak
China,Western Pacific Region of WHO,Eastern Asia,2019,23,6/3/2019,6/9/2019,11299,10967,,52,189,0,0,241,2,814,137,953,1194,9769,Sporadic
China,Western Pacific Region of WHO,Eastern Asia,2019,24,6/10/2019,6/16/2019,10673,9833,,74,187,0,0,261,0,426,173,599,860,8969,Sporadic
China,Western Pacific Region of WHO,Eastern Asia,2019,25,6/17/2019,6/23/2019,13195,12122,,120,216,0,0,336,6,625,152,783,1119,11001,Sporadic
China,Western Pacific Region of WHO,Eastern Asia,2019,26,6/24/2019,6/30/2019,12739,11927,,141,246,0,0,387,8,531,137,676,1063,10858,Sporadic
China,Western Pacific Region of WHO,Eastern Asia,2019,27,7/1/2019,7/7/2019,12075,11419,,163,259,0,0,422,7,446,168,621,1043,10373,Sporadic
China,Western Pacific Region of WHO,Eastern Asia,2019,28,7/8/2019,7/14/2019,12110,11450,,183,263,0,0,446,7,408,132,547,993,10450,Sporadic
China,Western Pacific Region of WHO,Eastern Asia,2019,29,7/15/2019,7/21/2019,12343,11635,,176,264,0,0,440,2,372,104,478,918,10713,Sporadic
China,Western Pacific Region of WHO,Eastern Asia,2019,30,7/22/2019,7/28/2019,11756,11129,,136,290,0,0,426,1,354,70,425,851,10273,Sporadic
China,Western Pacific Region of WHO,Eastern Asia,2019,31,7/29/2019,8/4/2019,11309,10733,,86,299,0,0,385,3,291,36,330,715,10013,Sporadic
China,Western Pacific Region of WHO,Eastern Asia,2019,32,8/5/2019,8/11/2019,11678,10911,,55,319,0,0,374,0,274,20,294,668,10238,Sporadic
China,Western Pacific Region of WHO,Eastern Asia,2019,33,8/12/2019,8/18/2019,11471,10752,,58,259,0,0,317,2,211,17,230,547,10201,Sporadic
China,Western Pacific Region of WHO,Eastern Asia,2019,34,8/19/2019,8/25/2019,10016,8856,,49,163,0,0,212,1,136,5,142,354,8496,Sporadic
China,Western Pacific Region of WHO,Eastern Asia,2019,35,8/26/2019,9/1/2019,11081,10449,,72,209,0,0,281,0,135,6,141,422,10022,Sporadic
China,Western Pacific Region of WHO,Eastern Asia,2019,36,9/2/2019,9/8/2019,10430,9137,,80,199,0,0,279,0,92,6,98,377,8758,Sporadic
China,Western Pacific Region of WHO,Eastern Asia,2019,37,9/9/2019,9/15/2019,4127,4127,,47,76,,,123,0,8,2,10,133,3991,Sporadic
China,Western Pacific Region of WHO,Eastern Asia,2019,38,9/16/2019,9/22/2019,5345,5345,,56,80,,,136,0,11,6,17,153,5190,Sporadic
China,Western Pacific Region of WHO,Eastern Asia,2019,39,9/23/2019,9/29/2019,4904,4904,,25,49,,,74,0,14,8,22,96,4807,Sporadic
China,Western Pacific Region of WHO,Eastern Asia,2019,40,9/30/2019,10/6/2019,13003,12407,,51,125,,,176,3,77,2,82,258,4698,Sporadic
China,Western Pacific Region of WHO,Eastern Asia,2019,41,10/7/2019,10/13/2019,4317,14807,,54,175,,,229,0,69,10,79,308,4256,Sporadic
China,Western Pacific Region of WHO,Eastern Asia,2019,42,10/14/2019,10/20/2019,15466,14283,,53,229,,,282,3,67,2,72,354,4231,Sporadic
China,Western Pacific Region of WHO,Eastern Asia,2019,43,10/21/2019,10/27/2019,16376,15267,,73,262,,,335,2,98,9,109,444,4658,Sporadic
China,Western Pacific Region of WHO,Eastern Asia,2019,44,10/28/2019,11/3/2019,16371,15243,,55,395,,,450,0,90,8,98,548,4593,Sporadic
China,Western Pacific Region of WHO,Eastern Asia,2019,45,11/4/2019,11/10/2019,16904,15531,,68,471,,,539,2,132,8,142,681,4699,Sporadic
China,Western Pacific Region of WHO,Eastern Asia,2019,46,11/11/2019,11/17/2019,16953,15686,,82,597,,,679,3,142,1,146,825,4653,Sporadic
China,Western Pacific Region of WHO,Eastern Asia,2019,47,11/18/2019,11/24/2019,18199,16070,,86,913,,,999,2,251,2,255,1254,4698,Sporadic
China,Western Pacific Region of WHO,Eastern Asia,2019,48,11/25/2019,12/1/2019,16467,13395,,93,827,,,920,5,226,1,232,1152,4708,Sporadic
China,Western Pacific Region of WHO,Eastern Asia,2019,49,12/2/2019,12/8/2019,21032,16760,,137,2027,,,2164,1,545,5,551,2715,4683,Sporadic
China,Western Pacific Region of WHO,Eastern Asia,2019,50,12/9/2019,12/15/2019,25307,18799,,194,3240,,,3434,3,848,35,886,4320,5527,Sporadic
China,Western Pacific Region of WHO,Eastern Asia,2019,51,12/16/2019,12/22/2019,5974,19335,,371,4029,,,4400,3,1204,33,1240,5640,5680,Sporadic
China,Western Pacific Region of WHO,Eastern Asia,2019,52,12/23/2019,12/29/2019,26570,18812,,479,4506,,,4985,1,1399,30,1430,6415,5000,Sporadic
